Aceclofenac,1
Miglyol® 812,
Lutrol E 400,
Water purified,
Lutrol F 127,
Aceclofenac,1
Flavor,
Sorbitol,
Lutrol F 68,
Cremophor RH 40,
Water purified,
Acetylsalicylic acid,1
Paracetamol,1
Caffeine,1
Kollidon 90F,
Isopropanol,
Magnesium stearate,
Kollidon CL,
Acetylsalicylic acid,1
Paracetamol,1
Caffeine,1
Ludipress,
Kollidon CL,
Polyethylene glycol 6000,
Stearic acid,
Acetylsalicylic acid,1
Paracetamol,1
Cellulose,
Kollidon 30,
Kollidon CL,
Acetylsalicylic acid,1
Ascorbic acid,1
Sorbitol,
Cellulose,
Kollidon VA 64,
Kollidon CL,
Magnesium stearate,
Acetylsalicylic acid,1
Ascorbic acid,1
Cellulose,
Kollidon VA 64,
Kollidon CL,
Magnesium stearate,
Acetylsalicylic acid ,1
Ludipress,
Stearic acid,
Kollidon CL,
Acetylsalicylic acid,1
Cellulose,
Kollidon 30,
Kollidon CL,
Magnesium stearate,
Acyclovir,1
Kollidon CL-M,
Kollidon 30,
Sorbitol,
Citric acid,
Preservative,
Water purified,
Albendazole,1
Citric acid,
Sodium citrate,
Sorbitol ,
Ethanol,
Lutrol F 68,
Albendazole,1
Ludipress,
Magnesium stearate,
Silicon dioxide,
Alginic acid,1
Aluminium hydroxide ,1
Magnesium trisilicate,1
Sodium bicarbonate,
Sorbitol,
Sucrose,
Ludipress,
Kollidon VA 64,
Magnesium stearate,
Flavor,
Aloe vera extract 200 fold,1
Propylene glycol,
Preservative,
Water purified,
Cremophor RH 40,
Perfume,
Lutrol F 127,
Alpha-Bisabolol,1
Flavor,
Cremophor RH 40,
Glycerol,
Saccharin sodium,
Preservative,
Water purified,
Alpha-Bisabolol,1
Cremophor RH 40,
Butylhydroxytoluene,
Preservative,
Water purified,
Alpha-Bisabolol,1
Flavor,
Cremophor RH 40,
Glycerol,
Saccharin sodium,
Ethanol,
Alpha-Bisabolol,1
Lutrol F 127,
Flavor,
Propylene glycol,
Ethanol,
Water purified,
Alpha-Methyldopa,1
Ludipress,
Stearic acid,
Alpha-Methyldopa,1
Lactose,
Kollidon 30,
Isopropanol,
Kollidon CL,
Magnesium stearate,
Alpha-Methyldopa,1
Calcium phosphate,
Kollidon 30,
Isopropanol,
Kollidon CL,
Magnesium stearate,
Alpha-Methyldopa,1
Cellulose,
Kollidon VA 64,
Kollidon CL,
Talc,
Silicon dioxide,
Magnesium stearate,
Alpha-Methyldopa,1
Cellulose,
Kollidon VA 64,
Kollidon CL,
Talc,
Silicon dioxide,
Calcium arachinate,
Alpha-Methyldopa,1
Lactose,
Kollidon 30,
Isopropanol,
Kollidon CL,
Silicon dioxide,
Magnesium stearate,
Alpha-Methyldopa,1
Corn starch,
Kollidon 90F,
Isopropanol,
Kollidon CL,
Talc,
Silicon dioxide,
Calcium arachinate,
Alprazolam,1
Ludipress,
Magnesium stearate,
Aluminium acetylsalicylate,1
Mannitol,
Corn starch,
Kollidon 90F,
Lutrol E 6000,
Isopropanol,
Kollidon CL,
Magnesium stearate,
Aluminium hydroxide ,1
Magnesium carbonate,1
Kollidon CL-M,
Sorbitol ,
Flavor,
Kollidon 30,
Flavor,
Saccharin sodium,
Water purified,
Sucrose,
Aluminium hydroxide,1
Magnesium carbonate,1
Magnesium oxide,1
Kollidon 90F,
Silicon dioxide,
Simethicone ,1
Menthol,
Saccharin sodium,
Talc,
Magnesium stearate,
Simethicone,1
Cremophor RH 40,
Water purified,
Aluminium hydroxide,1
Magnesium hydroxide,1
Kollidon CL-M,
Sorbitol,
Flavor,
Saccharin sodium,
Water purified,
Citric acid,
Aluminium hydroxide,1
Magnesium hydroxide,1
Lactose,
Kollidon VA 64,
Water purified,
Sucrose,
Sorbitol ,
Polyethylene glycol 6000 ,
Silicon dioxide,
Talc,
Magnesium stearate,
Aluminium hydroxide,1
Magnesium hydroxide,1
Cremophor RH 40,
Silicon oil DC 200,
Kollidon CL-M,
Water purified,
Aluminium hydroxide,1
Magnesium trisilicate,1
Ludipress,
Silicon dioxide,
Magnesium stearate,
Cyclamate sodium,
Menthol,
Ambroxol hydrochloride,1
Ludipress,
Magnesium stearate,
Aminophylline ,1
Potato starch,
Kollidon VA 64,
Kollidon VA 64,
Water purified,
Magnesium stearate,
Talc,
Aminophylline ,1
Corn starch,
Kollidon VA 64,
Kollidon VA 64,
Water purified,
Polyethylene glycol 6000 ,
Aminophylline,1
Cellulose,
Kollidon VA 64,
Magnesium stearate,
Silicon dioxide,
Aminophylline,1
Ludipress,
Silicon dioxide,
Magnesium stearate,
Amitryptylline,1
Ludipress,
Magnesium stearate,
Amitryptylline,1
Ludipress,
Magnesium stearate,
Amoxicillin,1
Sodium citrate,
Citric acid ,
Sodium gluconate,
Sorbitol ,
Kollidon CL-M,
Flavor,
Saccharin sodium,
Amoxicillin,1
Kollidon 12 PF,
Water for injectables,
Amoxicillin,1
Corn starch,
Kollidon 30,
Water purified,
Kollidon CL,
Magnesium stearate,
Ampicillin,1
Cloxacillin sodium,1
Lutrol F 68,
Antioxidant,
Castor oil,
Ampicillin,1
Sodium citrate,
Citric acid,
Sodium gluconate,
Sorbitol ,
Kollidon CL-M,
Flavor,
Saccharin sodium,
Ampicillin,1
Ludipress,
Magnesium stearate,
Ampicillin,1
Corn starch,
Kollidon VA 64,
Isopropanol,
Kollidon CL,
Magnesium stearate,
Silicon dioxide,
Ampicillin,1
Sorbitol ,
Kollidon VA 64,
Isopropanol,
Kollidon CL,
Magnesium stearate,
Silicon dioxide,
Anise oil,1
Cremophor RH 40,
Ethanol,
Preservative,
Water purified,
Asparagus extract,1
Parsley extract,1
Sorbitol ,
Kollidon VA 64,
Kollidon CL,
Magnesium stearate,
Aspartame,1
Sorbitol ,
Tartaric acid ,
Sodium bicarbonate,
Kollidon 25,
Polyethylene glycol 6000,
Aspartame,1
Ludipress,
Kollidon CL,
Magnesium stearate,
Lutrol F 68,
Aspartame,1
Calcium phosphate,
Kollidon VA 64,
Water purified,
Kollidon CL,
Polyethylene glycol 6000,
Atenolol,1
Ludipress,
Kollidon CL,
Magnesium stearate,
Silicon dioxide,
Azithromycin,1
Sodium citrate,
Citric acid,
Sucrose,
Cyclamate sodium ,
Kollidon CL-M,
Ethanol,
Menthol,
Cremophor RH 40,
Azithromycin,1
Sodium citrate,
Citric acid,
Sucrose,
Kollidon CL-M,
Cremophor RH 40,
Flavor,
Water purified,
Water purified,
Azulene,1
Cremophor RH 40,
Water purified,
Barium sulfate,1
Kollidon 90F,
Carboxymethylcellulose sodium,
Sodium bisulfite,
Preservative,
Water purified,
Cetylstearyl alcohol,
Cremophor A 6,
Cremophor A 25,
Paraffin,
Parabens,
Water purified,
Propylene glycol,
Benzhexol chloride,1
Ludipress,
Magnesium stearate,
Benzhexol chloride,1
Ludipress,
Corn starch,
Magnesium stearate,
Silicon dioxide,
Alpha-Bisabolol,1
Propylene glycol,
Triethanolamine,
Cremophor RH 40,
Kollidon 30,
Water purified,
Carbopol® 940,
Water purified,
Benzoyl peroxide,1
Benzyl benzoate,1
Cremophor RH 40,
Ethanol,
Water purified,
Procain benzylpenicilline,1
Dihydrostreptomycin sulfate,1
Kollidon 12 PF,
Carboxymethylcellulose sodium,
Sodium citrate,
Parabens,
Water for injectables,
Berberine sulfate,1
Lactose,
Ludipress,
Magnesium stearate,
Beta carotene,1
Ascorbic acid ,1
Sodium ascorbate,1
Vitamin E,1
Sorbitol,
Ludipress,
Fructose,
Polyethylene glycol 6000,
Beta carotene,1
Ascorbic acid ,1
Vitamin E,1
Ludipress,
Magnesium stearate,
Beta carotene,1
Ascorbic acid ,1
Vitamin E,1
Sorbitol ,
Kollidon VA 64,
Kollidon CL,
Magnesium stearate,
Beta carotene,1
Ascorbic acid,1
Vitamin E,1
Sorbitol,
Kollidon CL,
Magnesium stearate,
Beta carotene,1
Ascorbic acid ,1
Sodium ascorbate,1
Vitamin E,1
Sorbitol,
Polyethylene glycol 6000,
Flavor,
Cyclamate sodium ,
Beta carotene,1
Ludipress,
Citric acid,
Sodium bicarbonate,
Sodium carbonate,
Cyclamate sodium ,
Aspartame,
Flavor,
Polyethylene glycol 6000,
Beta carotene,1
Ludipress,
Kollidon CL,
Magnesium stearate,
Beta carotene,1
Dicalcium phosphate ,
Cellulose,
Kollidon CL,
Silicon dioxide,
Talc,
Calcium arachinate,
Beta carotene,1
Cellulose,
Kollidon CL,
Silicon dioxide,
Betamethasone,1
Neomycin sulfate,1
Lutrol E 400,
Miglyol® 812,
Lutrol F 127,
Water purified,
Cetylstearyl alcohol,
Cremophor A 6,
Cremophor A 25,
Paraffin,
Parabens,
Water purified,
Propylene glycol,
Betamethasone,1
Betamethasone,1
Ethanol,
Propylene glycol,
Lutrol F 127,
Water purified,
Cetylstearyl alcohol,
Cremophor A 6,
Cremophor A 25,
Paraffin,
Parabens,
Water purified,
Propylene glycol,
Bifonazole,1
Bran wheat (milled <1 mm),1
Ludipress,
Kollidon 30,
Silicon dioxide,
Magnesium stearate,
Bran wheat (milled <1 mm),1
Calcium phosphate,
Kollidon 90F,
Water purified,
Polyethylene glycol 6000,
Magnesium stearate,
Bromhexine,1
Dicalcium phosphate,
Kollidon VA 64,
Kollidon CL,
Magnesium stearate,
Bromhexine,1
Ludipress,
Magnesium stearate,
Bromocriptine mesylate,1
Ludipress,
Magnesium stearate,
Calcium carbonate,1
Kollidon 30,
Water purified,
Kollidon CL,
Ludipress,
Calcium lactate,1
Calcium gluconate,1
Calcium carbonate,1
Sodium bicarbonate,
Tartaric acid,
Kollidon 30,
Kollidon 30,
Isopropanol,
Kollidon CL,
Polyethylene glycol 6000,
Flavor,
Calcium gluconate,1
Lactose,
Kollidon 30,
Isopropanol,
Kollidon CL,
Magnesium stearate,
Calcium glycerophosphate,1
Ludipress,
Magnesium stearate,
Silicon dioxide,
Calcium glycerophosphate,1
Corn starch,
Kollidon 90F,
Water purified,
Kollidon CL,
Magnesium stearate,
Dicalcium phosphate,1
Wheaten flour,
Citric acid,
Lactose,
Flavor,
Kollidon 90F,
Magnesium stearate,
Dicalcium phosphate,1
Wheaten flour,
Citric acid,
Lactose,
Flavor,
Kollidon 30,
Water purified,
Magnesium stearate,
Captopril,1
Ludipress,
Kollidon CL,
Magnesium stearate,
Carbamazepine,1
Ludipress,
Magnesium stearate,
Carbonyl iron,1
Copper sulfate,1
Manganese sulfate,1
Ludipress,
Magnesium stearate,
Coenzyme Q10,1
Lutrol E 400,
Cremophor RH 40,
Preservative,
Water purified,
Carnitine,1
Sodium chloride,
Kollidon VA 64,
Ethanol,
Caroate,1
Kollidon CL,
Polyethylene glycol 6000,
Sodium chloride,
Kollidon VA 64,
Ethanol,
Caroate,1
Tartaric acid,
Sodium bicarbonate,
Polyethylene glycol 6000,
Activated charcoal,1
Bolus alba,
Kollidon 25,
Acacia gum,
Water + isopropanol (10 + 3),
Cremophor EL,
Isopropanol,
Chloramphenicol,1
Kollidon 25,
Preservative,
Water purified,
Chloramphenicol palmitate,1
Lutrol E 400,
Cremophor RH 40,
Sucrose,
Water purified,
Water purified,
Chloramphenicol palmitate,1
Lutrol E 400,
Cremophor RH 40,
Sucrose,
Preservative,
Water purified,
Chlorhexidine diacetate,1
Propylene glycol,
Lutrol F 127,
Water purified,
Chlorhexidine,1
Sorbitol,
Kollidon VA 64,
Menthol ,
Eucalyptol ,
Aspartame ,
Saccharin sodium,
Silicon dioxide,
Magnesium stearate,
Chloroquine,1
Dicalcium phosphate,
Kollidon 30,
Isopropanol,
Kollidon CL,
Silicon dioxide,
Talc,
Choline theophyllinate,1
Ludipress,
Magnesium stearate,
Chymotrypsine,1
Ludipress,
Magnesium stearate,
Cimetidine,1
Ludipress,
Magnesium stearate,
Cimetidine,1
Corn starch,
Kollidon 30,
Water purified,
Magnesium stearate,
Cimetidine,1
Corn starch,
Kollidon VA 64,
Water purified,
Magnesium stearate,
Clenbuterol hydrochloride,1
Ludipress,
Magnesium stearate,
Clobazam,1
Dicalcium phosphate,
Kollidon VA 64,
Kollidon CL,
Magnesium stearate,
Clomifen citrate,1
Ludipress,
Magnesium stearate,
Closantel,1
Kollidon 12 PF,
Sodium hydroxide,
Propylene glycol,
Sodium bisulfite,
Water for injectables,
Clotrimazole,1
Cremophor RH 40,
Preservative,
Ethanol,
Water purified,
Cetylstearyl alcohol,
Cremophor A 6,
Cremophor A 25,
Paraffin,
Parabens,
Water purified,
Propylene glycol,
Clotrimazole,1
Kollidon CL-M,1
Citric acid,
Silicon dioxide,
Sucrose,
Saccharin sodium,
Water purified,
Magnesium stearate,
Sodium bicarbonate,
Flavor,
Kollidon CL-M,1
Silicon dioxide,
Sucrose,
Saccharin sodium,
Flavor,
Water purified,
Magnesium stearate,
Cyproheptadine,1
Ludipress,
Magnesium stearate,
Dexpanthenol,1
Paraffin,
Lutrol E 400,
Lutrol F 127,
Water purified,
Diazepam,1
Solutol HS 15,
Lecithin,
Water for injectables,
Preservative,
Diazepam,1
Ludipress,
Magnesium stearate,
Diclofenac sodium,1
Propylene glycol,
Lutrol F 127,
Water purified,
Diclofenac sodium,1
Propylene glycol,
Miglyol® 812,
Lutrol F 127,
Water purified,
Diclofenac sodium,1
Propylene glycol,
Kollidon 17 PF,
Benzyl alcohol,
Water for injectables,
Diclofenac sodium,1
Kollidon 30,
Sucrose,
Water purified,
Diclofenac sodium,1
Kollidon 30,
Cremophor RH 40,
Sucrose,
Water purified,
Diclofenac sodium,1
Calcium phosphate,
Kollidon 30,
Ethanol,
Kollidon CL,
Magnesium stearate,
Diclofenac sodium,1
Ludipress,
Magnesium stearate,
Polyethylene glycol 6000,
Kollidon CL,
Diltiazem,1
Ludipress,
Polyethylene glycol 6000,
Silicon dioxide,
Magnesium stearate,
Dimenhydrinate,1
Lactose,
Corn starch,
Kollidon 90F,
Isopropanol,
Kollidon CL,
Talc,
Silicon dioxide,
Calcium arachinate,
Dimenhydrinate,1
Ludipress,
Magnesium stearate,
Dye,
Talc,
Dye,
Kollidon 25,
Water purified,
Kollicoat MAE 30 DP,
Triethyl citrate,
Water purified,
Dye,
Talc,
Dye,
Kollidon 25,
Propylene glycol,
Silicone emulsion,
Water purified,
Kollicoat MAE 30 DP,
Water purified,
Ephedrine hydrochloride,1
Ludipress,
Magnesium stearate,
Erythromycin,1
Lutrol E 400,
Propylene glycol,
Lutrol F 127,
Water purified,
Ethambutol,1
Sorbitol,
Kollidon VA 64,
Kollidon CL,
Magnesium stearate,
Ethambutol,1
Kollidon CL,
Mannitol,
Kollidon 30,
Water purified,
Magnesium stearate,
Ethambutol,1
Dicalcium phosphate,
Kollidon 30,
Isopropanol,
Kollidon CL,
Magnesium stearate,
Etophylline,1
Theophylline,1
Ludipress,
Magnesium stearate,
Silicon dioxide,
Etophylline,1
Theophylline,1
Corn starch,
Kollidon VA 64,
Kollidon VA 64,
Water purified,
Magnesium stearate,
Talc,
Eucalyptol,1
Cremophor RH 40,
Preservative,
Water purified,
Famotidine,1
Ludipress,
Magnesium stearate,
Silicon dioxide,
Famotidine,1
Ludipress,
Stearic acid,
Silicon dioxide,
Ferrous fumarate,1
Ludipress,
Magnesium stearate,
Ferrous sulfate,1
Manganese sulfate,1
Copper sulfate,1
Ludipress,
Kollidon 30,
Magnesium stearate,
Silicon dioxide,
Ferrous sulfate,1
Ludipress,
Kollidon VA 64,
Magnesium stearate,
Talc,
Silicon dioxide,
Fir needle oil,1
Camphora,
Cremophor RH 40,
Ethanol,
Water purified,
Folic Acid,1
Ludipress,
Magnesium stearate,
Fucidine,1
Dicalcium phosphate,
Kollidon 90F,
Isopropanol,
Kollidon CL,
Silicon dioxide,
Magnesium stearate,
Furaltadone,1
Tartaric acid,
Kollidon 12 PF,
Water for injectables,
Furosemide,1
Ludipress,
Magnesium stearate,
Furosemide,1
Ludipress,
Magnesium stearate,
Silicon dioxide,
Calcium phosphate,
Lactose,
Kollidon 30,
Water purified,
Dried garlic powder,1
Magnesium stearate,
Glibenclamide,1
Ludipress,
Magnesium stearate,
Glibenclamide,1
Ludipress,
Magnesium stearate,
Glutaminic acid,1
Sorbitol,
Kollidon 30,
Water purified,
Kollidon CL,
Magnesium stearate,
Gramicidin,1
Cremophor RH 40,
Ethanol,
Preservative,
Water purified,
Griseofulvin,1
Ludipress,
Polyethylene glycol 6000,
Silicon dioxide,
Griseofulvin,1
Kollidon VA 64,
Dimethyl formamide,
Kollidon CL,
Lactose,
Magnesium stearate,
Silicon dioxide,
Heparin sodium,1
Lutrol E 400,
Paraffin,
Lutrol F 127,
Water purified,
Horsetail extract,1
Kollidon VA 64,
Lutrol F 68,
Isopropanol,
Kollidon CL,
Magnesium stearate,
Hydrochlorothiazide,1
Potassium chloride,1
Kollidon CL,
Silicon dioxide,
Magnesium stearate,
Hydrochlorothiazide,1
Ludipress,
Magnesium stearate,
Hydrochlorothiazide,1
Lactose,
Kollidon 90F,
Propanol,
Kollidon CL,
Magnesium stearate,
Hydrocortisone,1
Lutrol E 400,
Cremophor RH 40,
Carbopol® 940,
Water purified,
Preservative,
Water purified,
Triethanolamine,
Water purified,
Hydrocortisone,1
Cremophor A 25,
Cremophor RH 40,
Preservative,
Water purified,
Cetylstearyl alcohol,
Cremophor A 6,
Cremophor A 25,
Paraffin,
Parabens,
Water purified,
Propylene glycol,
Hydrocortisone,1
Hydrocortisone,1
Cremophor RH 40,
Triethanolamine,
Water purified,
Ethanol,
Carbopol® 940,
Water purified,
Ibuprofen,1
Propylene glycol,
Isopropanol,
Lutrol F 127,
Water purified,
Nonionic hydrophilic Cream,
Ibuprofen,1
Ethanol,
Propylene glycol,
Lutrol F 127,
Preservative,
Water purified,
Ibuprofen,1
Ethanol,
Propylene glycol,
Lutrol F 127,
Isopropyl myristate,
Preservative,
Water purified,
Ibuprofen,1
Cremophor RH 40,
Preservative,
Water purified,
Ibuprofen,1
Sucrose,
Nonionic hydrophilic Cream,
Kollidon 90F,
Sodium citrate,
Water purified,
Ibuprofen,1
Cremophor RH 40,
Lutrol F 68,
Preservative,
Water purified,
Ibuprofen,1
Silicon dioxide,
Cellulose,
Kollidon VA 64,
Kollidon CL,
Magnesium stearate,
Ibuprofen,1
Silicon dioxide,
Ludipress,
Kollidon CL,
Magnesium stearate,
Mannitol,
Kollidon 30,
Water purified,
Ibuprofen,1
Kollidon CL,
Silicon dioxide,
Magnesium stearate,
Dicalcium phosphate,
Kollidon 30,
Water purified,
Ibuprofen,1
Kollidon CL,
Magnesium stearate,
Ibuprofen,1
Potato starch,
Lactose,
Cellulose,
Kollidon 30,
Water purified,
Cellulose,
Croscarmelose,
Magnesium stearate,
Silicon dioxide,
Indomethacin,1
Cremophor RH 40,
Lutrol F 127,
Water purified,
Indomethacin,1
Propylene glycol,
Lutrol E 400,
Lutrol F 127,
Water purified,
Indomethacin,1
Ethanol,
Lutrol E 400,
Lutrol F 127,
Water purified,
Indomethacin,1
Kollidon CL,
Silicon dioxide,
Indomethacin,1
Butylhydroxytoluene,
Lutrol E 4000,
Lutrol E 6000,
Edetate disodium,
Water purified,
Indomethacin,1
Ludipress,
Kollidon CL,
Magnesium stearate,
Indomethacin,1
Lactose,
Kollidon 30,
Water purified,
Kollidon CL,
Silicon dioxide,
Magnesium stearate,
Indomethacin,1
Ludipress,
Magnesium stearate,
Inosin,1
Lactose,
Kollidon 90F,
Isopropanol,
Kollidon CL,
Magnesium stearate,
Isosorbide dinitrate + Lactose (4+6),1
Lactose,
Kollidon 30,
Kollidon CL,
Magnesium stearate,
Khellin,1
Ludipress,
Magnesium stearate,
Levamisole hydrochloride,1
Ludipress,
Magnesium stearate,
Levothyroxine sodium,1
Magnesium stearate,
Ludipress,
Levothyroxine sodium,1
Citric acid,
Magnesium stearate,
Ludipress,
Lidocain hydrochloride,1
Water purified,
Propylene glycol,
Lutrol F 127,
Lidocain hydrochloride,1
Water purified,
Propylene glycol,
Paraffin,
Lutrol F 127,
Lisinopril,1
Ludipress,
Magnesium stearate,
Magaldrate,1
Lactose,
Flavor,
Kollidon 90F,
Flavor,
Flavor,
Saccharin sodium,
Water purified,
Silicon dioxide,
Magnesium stearate,
Magaldrate,1
Lactose,
Kollidon 90F,
Kollidon CL,
Magnesium stearate,
Magaldrate,1
Nonionic hydrophilic Cream,
Sorbitol,
Flavor,
Kollidon 90F,
Flavor,
Flavor,
Saccharin sodium,
Water purified,
Magaldrate,1
Nonionic hydrophilic Cream,
Kollidon 90F,
Flavor,
Flavor,
Flavor,
Saccharin sodium,
Preservative,
Water purified,
Magnesium carbonate,1
Ludipress,
Magnesium stearate,
Mebendazole,1
Ludipress,
Magnesium stearate,
Mebendazole,1
Lutrol F 127,
Methyl paraben,
Propyl paraben,
Water purified,
Mefenamic acid,1
Corn starch,
Kollidon 90F,
Isopropanol,
Kollidon CL,
Cellulose,
Magnesium stearate,
Meprobamate,1
Phenobarbitone,1
Cellulose,
Kollidon VA 64,
Kollidon CL,
Talc,
Silicon dioxide,
Calcium arachinate,
Meprobamate,1
Phenobarbitone,1
Kollidon VA 64,
Isopropanol,
Kollidon CL,
Corn starch,
Cellulose,
Talc,
Silicon dioxide,
Calcium arachinate,
Meprobamate,1
Cellulose,
Corn starch,
Kollidon VA 64,
Kollidon CL,
Talc,
Magnesium stearate,
Meprobamate,1
Corn starch,
Kollidon 25,
Lutrol E 400,
Isopropanol,
Talc,
Silicon dioxide,
Calcium arachinate,
Meprobamate,1
Corn starch,
Kollidon VA 64,
Isopropanol,
Talc,
Silicon dioxide,
Calcium arachinate,
Metamizol sodium,1
Ludipress,
Kollidon CL,
Magnesium stearate,
Silicon dioxide,
Metamizol sodium,1
Cellulose,
Kollidon 30,
Kollidon CL,
Silicon dioxide,
Talc,
Calcium arachinate,
Metformin hydrochloride,1
Dicalcium phosphate,
Kollidon 90F,
Kollidon 90F,
Isopropanol,
Kollidon CL,
Polyethylene glycol 6000,
Methyl cysteine hydrochloride,1
Ludipress,
Magnesium stearate,
Menthol,
Methyl salicylate,1
Menthol,1
Lutrol E 400,
Cremophor RH 40,
Propylene glycol,
Lutrol F 127,
Water purified,
Metoclopramide hydrochloride,1
Ludipress,
Magnesium stearate,
Metronidazole,1
Sodium bicarbonate,
Kollidon 30,
Kollidon 30,
Isopropanol,
Tartaric acid,
Polyethylene glycol 6000,
Metronidazole,1
Kollidon 12 PF,
Propylene glycol,
Lutrol E 400,
Water for injectables,
Hydrochloric acid,
Metronidazole,1
Cellulose,
Kollidon VA 64,
Kollidon CL,
Silicon dioxide,
Polyethylene glycol 6000,
Metronidazole,1
Cellulose,
Kollidon 30,
Kollidon CL,
Silicon dioxide,
Magnesium stearate,
Metronidazole,1
Sorbitol,
Kollidon 90F,
Ethanol,
Kollidon CL,
Talc,
Silicon dioxide,
Calcium arachinate,
Metronidazole,1
Lutrol F 127,
Lutrol E 400,
Water purified,
Cetylstearyl alcohol,
Cremophor A 6,
Cremophor A 25,
Paraffin,
Parabens,
Water purified,
Propylene glycol,
Micronazole nitrate,1
Miconazole,1
Cremophor EL,
Parabens,
Water for injectables,
Miconazole,1
Flavor,
Lutrol F 127,
Cremophor RH 40,
Propylene glycol,
Kollidon 90F,
Saccharin sodium,
Water purified,
Mint oil,1
Menthol,
Eucalyptol,
Thymian oil,
Cremophor RH 40,
Saccharin sodium,
Sodium citrate,
Citric acid,
Lutrol F 127,
Salicylic acid,
Benzoic acid,
Sorbitol,
Ethanol,
Dye,
Water purified,
Menthol,1
Eucalyptol,
Alpha-Bisabolol,
Cremophor RH 40,
Saccharin sodium,
Sodium citrate,
Citric acid,
Sodium fluoride,
Glycerol,
Lutrol F 127,
Ethanol,
Dye,
Water purified,
Peppermint oil,1
Cremophor RH 40,
Ethanol,
Water purified,
Vitamin A,1
Vitamin D,1
Thiamine mononitrate,1
Riboflavin sodium phosphate,1
Nicotinamide,1
Vitamin E,1
Ascorbic acid,1
Ferrous fumarate,1
Calcium phosphate,1
Calcium carbonate,1
Cellulose,
Silicon dioxide,
Vitamin A,1
Vitamin D,1
Vitamin E,1
Butylhydroxytoluene,
Cremophor RH 40,
Water purified,
Saccharin sodium,
Methyl paraben,
Citric acid,
Glycerol,
Calcium gluconate,1
Water purified,
Thiamine hydrochloride,1
Riboflavin sodium phosphate,1
Nicotinamide,1
Pyridoxine hydrochloride,1
Ascorbic acid,1
Sorbic acid,
Propylene glycol,
Vitamin A,1
Thiamine mononitrate,1
Riboflavin sodium phosphate,1
Nicotinamide,1
Calcium pantothenate,1
Pyridoxine hydrochloride,1
Cyanocobalamine,1
Ascorbic acid,1
Vitamin E,1
Ludipress,
Carbonyl iron,1
Magnesium stearate,
Flavor,
Saccharin sodium,
Beta carotene,1
Thiamine mononitrate,1
Riboflavin sodium phosphate,1
Pyridoxine hydrochloride,1
Nicotinamide,1
Calcium pantothenate,1
Ascorbic acid,1
Calcium phosphate,1
Ferrous fumarate,1
Magnesium oxide,1
Cupric sulfate,1
Manganese sulfate,1
Potassium chloride,1
Zinc sulfate,1
Cellulose,
Kollidon CL,
Stearic acid,
Magnesium stearate,
Beta carotene,1
Thiamine mononitrate,1
Riboflavin sodium phosphate,1
Pyridoxine hydrochloride,1
Nicotinamide,1
Calcium pantothenate,1
Ascorbic acid,1
Calcium phosphate,1
Ferrous fumarate,1
Magnesium oxide,1
Cupric sulfate,1
Manganese sulfate,1
Potassium chloride,1
Zinc sulfate,1
Cellulose,
Kollidon CL,
Stearic acid,
Magnesium stearate,
Vitamin A,1
Thiamine mononitrate,1
Riboflavin sodium phosphate,1
Nicotinamide,1
Pyridoxine hydrochloride,1
Cyanocobalamine,1
Ascorbic acid,1
Vitamin D3,1
Vitamin E,1
Sorbitol,
Sucrose,
Kollidon VA 64,
Silicon dioxide,
Flavor,
Flavor,
Flavor,
Cyclamate sodium,
Vitamin A,1
Vitamin D3,1
Vitamin E,1
Cremophor RH 40,
Parabens,
Water purified,
Thiamine hydrochloride,1
Riboflavin sodium phosphate,1
Pyridoxine hydrochloride,1
Nicotinamide,1
Sodium bisulfite,
Propylene glycol,
Water purified,
Hydrochloric acid,
Thiamine hydrochloride,1
Riboflavin sodium phosphate,1
Nicotinamide,1
Pyridoxine hydrochloride,1
Calcium pantothenate,1
Ascorbic acid,1
Citric acid,
Sucrose,
Fructose,
Nonionic hydrophilic Cream,
Flavor,
Cyclamate sodium,
Saccharin sodium,
Kollidon VA 64,
Isopropanol,
Vitamin A,1
Vitamin D3,1
Vitamin E,1
Cyanocobalamine,1
Sodium bicarbonate,
Thiamine mononitrate,1
Riboflavin sodium phosphate,1
Pyridoxine hydrochloride,1
Nicotinamide,1
Calcium pantothenate,1
Tartaric acid,
Lactose,
Corn starch,
Corn starch,
Water purified,
Beta carotene,1
Cyanocobalamine,1
Ascorbic acid,1
Vitamin E,1
Sodium bicarbonate,
Flavor,
Saccharin sodium,
Thiamine mononitrate,1
Riboflavin sodium phosphate,1
Pyridoxine hydrochloride,1
Nicotinamide,1
Calcium pantothenate,1
Tartaric acid,
Sodium bicarbonate,
Sucrose,
Sucrose,
Kollidon 30,
Kollidon 30,
Isopropanol,
Riboflavin sodium phosphate,1
Ascorbic acid,1
Cyanocobalamine,1
Vitamin A,1
Vitamin E,1
Polyethylene glycol 6000,
Kollidon CL,
Thiamine mononitrate,1
Riboflavin sodium phosphate,1
Pyridoxine hydrochloride,1
Nicotinamide,1
Calcium pantothenate,1
Ascorbic acid,1
Cyanocobalamine,1
Vitamin A,1
Vitamin E,1
Tartaric acid,
Sodium bicarbonate,
Ludipress,
Polyethylene glycol 6000,
Saccharin sodium,
Cyclamate sodium,
Sucrose,
Fructose,
Flavor,
Thiamine mononitrate,1
Riboflavin sodium phosphate,1
Pyridoxine hydrochloride,1
Nicotinamide,1
Calcium pantothenate,1
Ascorbic acid,1
Cyanocobalamine,1
Vitamin A,1
Vitamin E,1
Citric acid,
Sodium bicarbonate,
Ludipress,
Polyethylene glycol 6000,
Saccharin sodium,
Cyclamate sodium,
Sucrose,
Fructose,
Flavor,
Vitamin A,1
Vitamin D3,1
Vitamin E,1
Butylhydroxytoluene,
Benzyl alcohol,
Solutol HS 15,
Preservative,
Water for injectables,
Nicotinamide,1
Thiamine hydrochloride,1
Riboflavin sodium phosphate,1
Pyridoxine hydrochloride,1
Dexpanthenol,1
Edetate disodium,
Water purified,
Vitamin A,1
Vitamin D3,1
Vitamin E,1
Butylhydroxytoluene,
Benzyl alcohol,
Solutol HS 15,
Preservative,
Water for injectables,
Nicotinamide,1
Thiamine hydrochloride,1
Riboflavin sodium phosphate,1
Pyridoxine hydrochloride,1
Dexpanthenol,1
Edetate disodium,
Water purified,
"Vitamin A + D 250,000 + 50,000 i.u./g  ",1
Thiamine mononitrate,1
Riboflavin sodium phosphate,1
Nicotinamide,1
Pyridoxine hydrochloride,1
Calcium pantothenate,1
Cyanocobalamine,1
Ascorbic acid,1
Vitamin E,1
Sucrose,
Nonionic hydrophilic Cream,
Flavor,
Kollidon VA 64,
Ethanol,
Vitamin A,1
Vitamin E,1
Butylhydroxytoluene,
Cremophor RH 40,
Water purified,
Thiamine hydrochloride,1
Riboflavin sodium phosphate,1
Pyridoxine hydrochloride,1
Cyanocobalamine,1
Nicotinamide,1
Folic Acid,1
Dexpanthenol,1
Edetate disodium,
Ferrous sulfate,1
Manganese chloride,1
Potassium iodide,1
Kollidon 90F,
Lutrol F 127,
Lutrol F 127,
"Evening Primrose Oil (Epopure®, Prima Rosa/SA)",1
Vitamin A,1
Vitamin E,1
Vitamin D3,1
Cremophor RH 40,
Water purified,
Thiamine hydrochloride,1
Riboflavin sodium phosphate,1
Pyridoxine hydrochloride,1
Cyanocobalamine,1
Calcium pantothenate,1
Nicotinamide,1
Ascorbic acid,1
Lutrol F 127,
Lutrol F 127,
Vitamin A,1
Vitamin D,1
Vitamin E,1
Butylhydroxytoluene,
Cremophor RH 40,
Water purified,
Saccharin sodium,
Methyl paraben,
Citric acid,
Glycerol,
Water purified,
Thiamine hydrochloride,1
Riboflavin sodium phosphate,1
Nicotinamide,1
Pyridoxine hydrochloride,1
Ascorbic acid,1
Sorbic acid,
Propylene glycol,
Vitamin A,1
Vitamin D3,1
Butylhydroxytoluene,
Cremophor RH 40,
Parabens,
Water purified,
Thiamine hydrochloride,1
Riboflavin sodium phosphate,1
Pyridoxine hydrochloride,1
Ascorbic acid,1
Water purified,
Sugar syrup,
Vitamin A,1
Thiamine mononitrate,1
Riboflavin sodium phosphate,1
Nicotinamide,1
Calcium pantothenate,1
Pyridoxine hydrochloride,1
Cyanocobalamine,1
Ascorbic acid,1
Vitamin E,1
Ludipress,
Magnesium stearate,
Flavor,
Saccharin sodium,
Vitamin A,1
Thiamine mononitrate,1
Riboflavin sodium phosphate,1
Nicotinamide,1
Calcium pantothenate,1
Pyridoxine hydrochloride,1
Cyanocobalamine,1
Ascorbic acid,1
Vitamin E,1
Cellulose,
Kollidon VA 64,
Magnesium stearate,
Flavor,
Saccharin sodium,
Thiamine hydrochloride,1
Riboflavin sodium phosphate,1
Calcium pantothenate,1
Pyridoxine hydrochloride,1
Mannitol,
Kollidon 30,
Isopropanol,
"Vitamin A + D3 500,000 + 50,000 i.u./g ",1
Vitamin E,1
Cyanocobalamine,1
Ascorbic acid,1
Nicotinamide,1
Cellulose,
Flavor,
Saccharin sodium,
Magnesium stearate,
"Vitamin mixture (BASF, see “Remark”)",1
Ludipress,
Magnesium stearate,
"Vitamin A + D3 500,000 + 50,000 i.u./g ",1
Thiamine mononitrate,1
Riboflavin sodium phosphate,1
Nicotinamide,1
Calcium pantothenate,1
Pyridoxine hydrochloride,1
Cyanocobalamine,1
Folic Acid,1
Choline bitartrate,1
Vitamin E,1
Ludipress,
Magnesium stearate,
Beta carotene,1
Thiamine mononitrate,1
Riboflavin sodium phosphate,1
Nicotinamide,1
Calcium pantothenate,1
Pyridoxine hydrochloride,1
Cyanocobalamine,1
Ascorbic acid,1
Vitamin E,1
Ludipress,
Magnesium stearate,
Flavor,
Saccharin sodium,
Beta carotene,1
Thiamine mononitrate,1
Riboflavin sodium phosphate,1
Nicotinamide,1
Calcium pantothenate,1
Pyridoxine hydrochloride,1
Cyanocobalamine,1
Ascorbic acid,1
Vitamin E,1
Ludipress,
Kollidon VA 64,
Magnesium stearate,
Flavor,
Saccharin sodium,
Vitamin A,1
Vitamin E,1
Vitamin D2,1
Butylhydroxytoluene,
Butylated hydroxyanisole,
Solutol HS 15,
Lutrol E 400,
Water purified,
Sodium ascorbate,1
Dexpanthenol,1
Folic Acid,1
Propylene glycol,
Thiamine hydrochloride,1
Riboflavin sodium phosphate,1
Nicotinamide,1
Pyridoxine hydrochloride,1
Parabens,
Citric acid,
Sodium hydroxide,
Hydrochloric acid,
Water for injectables,
Nalidixic acid,1
Kollidon 30,
Water purified,
Kollidon CL,
Magnesium stearate,
Naproxen,1
Kollidon 90F,
Kollidon 90F,
Cremophor RH 40,
Water purified,
Tablettose,
Stearic acid,
AcDiSol,
Magnesium stearate,
Polyethylene glycol 6000,
Naproxen,1
Kollidon CL,
Kollidon 30,
Water purified,
Magnesium stearate,
Naproxen,1
Kollidon 30,
Water purified,
Magnesium stearate,
Kollidon CL,
Neomycin sulfate,1
Propylene glycol,
Parabens,
Lutrol F 127,
Water purified,
Neomycin sulfate,1
Ludipress,
Magnesium stearate,
Silicon dioxide,
Niacin,1
Ludipress,
Kollidon CL,
Magnesium stearate,
Silicon dioxide,
Polyethylene glycol 6000,
Nifedipine,1
Kollidon 25,
Methylene chloride,
Cellulose,
Corn starch,
Kollidon CL,
Magnesium stearate,
Nitrendipine,1
Ludipress,
Kollidon CL,
Magnesium stearate,
Nitrofurantoin,1
Corn starch,
Lactose,
Kollidon 30,
Water purified,
Kollidon CL,
Corn starch,
Talc,
Magnesium stearate,
Nitrofurantoin,1
Ludipress,
Magnesium stearate,
Silicon dioxide,
Norephedrine hydrochloride,1
Parabens,
Saccharin sodium,
Kollidon 90F,
Sorbitol,
Water purified,
Nystatin,1
Nonionic hydrophilic Cream,
Kollidon 90F,
Sorbitol,
Citric acid,
Water purified,
Nystatin,1
Lactose,
Isopropanol,
Kollidon CL,
Magnesium stearate,
Nystatin,1
Ludipress,
Silicon dioxide,
Magnesium stearate,
Nystatin,1
Ludipress,
Silicon dioxide,
Magnesium stearate,
Omega Fatty Acids,1
Cellulose,
Kollidon VA 64,
Magnesium stearate,
Oxytetracycline,1
Kollidon 17 PF,
Reducing agent,
Water for injectables,
Magnesium oxide,
Ethanolamine,
Oxytetracycline,1
Magnesium oxide,
Soluphor P,
Kollidon 17 PF,
Sodium formaldehyde sulfoxylate,
2-Aminoethanol,
Water for injectables,
Oxytetracycline,1
Ludipress,
Magnesium stearate,
Pancreatin,1
Ludipress,
Kollidon CL,
Magnesium stearate,
Pancreatin,1
Cholic acid,1
Cellulose,
Lactose,
Magnesium stearate,
Silicon dioxide,
Pancreatin,1
Ludipress,
Kollidon CL,
Magnesium stearate,
Paracetamol,1
Caffeine,1
Cellulose,
Kollidon 30,
Kollidon CL,
Polyethylene glycol 6000,
Paracetamol,1
Doxylamine succinate,1
Caffeine,1
Tartaric acid,
Sodium hydrogen carbonate,
Kollidon 30,
Ethanol,
Sodium citrate,
Sugar,
Paracetamol,1
Sucrose,
Nonionic hydrophilic Cream,
Aspartame,
Flavor,
Flavor,
Kollidon 30,
Ethanol,
Paracetamol,1
Sorbitol,
Nonionic hydrophilic Cream,
Aspartame,
Flavor,
Flavor,
Sodium citrate,
Citric acid,
Kollidon 90F,
Ethanol,
Paracetamol,1
Ibuprofen,1
Orphenadine hydrochloride,1
Ludipress,
Magnesium stearate,
Silicon dioxide,
Paracetamol,1
Norephedrine hydrochloride,1
Phenyltoloxamine,1
Corn starch,
Kollidon 30,
Ethanol,
Kollidon CL,
Magnesium stearate,
Paracetamol,1
Phenprobamat,1
Cellulose,
Kollidon VA 64,
Kollidon CL,
Magnesium stearate,
Silicon dioxide,
Paracetamol,1
Sucrose,
Nonionic hydrophilic Cream,
Flavor,
Flavor,
Kollidon 30,
Ethanol,
Paracetamol,1
Sodium bicarbonate,
Tartaric acid,
Glucose,
Kollidon 30,
Isopropanol,
Polyethylene glycol 6000,
Paracetamol,1
Sorbitol,
Lutrol F 127,
Citric acid,
Sodium citrate,
Kollidon 90F,
Ethanol,
Paracetamol,1
Silicon dioxide,
Lutrol E 1500,
Lutrol E 4000,
Paracetamol,1
Lutrol E 400,
Lutrol E 1500,
Lutrol E 4000,
Paracetamol,1
Citric acid,
Sodium citrate,
Nonionic hydrophilic Cream,
Flavor,
Glucose,
Water purified,
Paracetamol,1
Sorbitol,
Cyclamate sodium,
Flavor,
Kollidon 25,
Glycerol,
Propylene glycol,
Water purified,
Paracetamol,1
Kollidon 25,
Glycerol,
Cyclamate sodium,
Flavor,
Flavor,
Water purified,
Paracetamol,1
Dicalcium phosphate,
Kollidon CL,
Kollidon VA 64,
Kollidon 90F,
Ethanol,
Kollidon CL,
Polyethylene glycol,
Paracetamol,1
Cellulose,
Kollidon VA 64,
Kollidon CL,
Magnesium stearate,
Silicon dioxide,
Paracetamol,1
Cellulose,
Kollidon VA 64,
Kollidon CL,
Polyethylene glycol 6000,
Silicon dioxide,
Paracetamol,1
Cellulose,
Kollidon VA 64,
Kollidon CL,
Magnesium stearate,
Phendimetrazin,1
Ludipress,
Corn starch,
Magnesium stearate,
Silicon dioxide,
Phenindion,1
Ludipress,
Magnesium stearate,
Phenolphthalein,1
Calcium phosphate,
Kollidon 30,
Ethanol,
Kollidon CL,
Magnesium stearate,
Phenytoin,1
Nonionic hydrophilic Cream,
Kollidon 90F,
Preservative,
Water purified,
Phenytoin sodium,1
Ludipress,
Magnesium stearate,
Kollidon CL,
Silicon dioxide,
Phenytoin sodium,1
Dicalcium phosphate,
Sucrose,
Kollidon 25,
Ethanol,
Kollidon CL,
Magnesium stearate,
Phenytoin,1
Ludipress,
Magnesium stearate,
Stearic acid,
Kollidon CL,
Silicon dioxide,
Piroxicam,1
Propylene glycol,
Dexpanthenol,1
Ethanol,
Triethanolamine,
Lutrol F 127,
Water purified,
Piroxicam,1
Corn starch,
Ludipress,
Kollidon CL,
Polyethylene glycol,
Silicon dioxide,
Polidocanol,1
Kollidon VA 64,
Ethocel® 20 ,
Lutrol E 400,
Ethyl acetate,
Isopropanol,
Polyvinyl pyrrolidone–iodine,1
Lidocain hydrochloride,1
Sodium chloride,
Lutrol F 127,
Sodium hydroxide,
Water purified,
Polyvinyl pyrrolidone–iodine,1
Fragance,
Water purified,
Syndet base,
Polyvinyl pyrrolidone–iodine,1
Water purified,
Texapon® K 12,
Setacin® F special paste,
Cetylstearyl alcohol,
Paraffin,
Glycerol,
Polyvinyl pyrrolidone–iodine,1
Water purified,
Texapon® K 12,
Emcol® 4400.1,
Cetylstearyl alcohol,
Paraffin,
Glycerol,
Polyvinyl pyrrolidone–iodine,1
Cremophor NP 14,
Tartaric acid,
Sulfuric acid,
Ethanol,
Water purified,
Polyvinyl pyrrolidone–iodine,1
Texapon® K 12,
Tartaric acid,
Sulfuric acid,
Ethanol,
Water purified,
Polyvinyl pyrrolidone–iodine,1
Citric acid,
Disodium phosphate,
Cremophor A 6,
Cremophor A 25,
Cetylstearyl alcohol,
Paraffin,
Glycerol,
Polyvinyl pyrrolidone–iodine,1
Ludipress,
Tartaric acid,
Sodium bicarbonate,
Talc,
Calcium arachinate,
Silicon dioxide,
Polyvinyl pyrrolidone–iodine,1
Cremophor A 25,
Water purified,
Polyvinyl pyrrolidone–iodine,1
Propylene glycol,
Ethanol,
Water purified,
Polyvinyl pyrrolidone–iodine,1
Citric acid,
Disodium phosphate,
Lutrol E 400,
Paraffin,
Lutrol F 127,
Lutrol F 127,
Polyvinyl pyrrolidone–iodine,1
Lutrol F 127,
Water purified,
Polyvinyl pyrrolidone–iodine,1
Sodium chloride,
Lutrol F 127,
Sodium hydroxide,
Water purified,
Polyvinyl pyrrolidone–iodine,1
Ethanol,
Glucose,
Lutrol E 4000,
Glycerol,
Water purified,
Polyvinyl pyrrolidone–iodine,1
White Mineral Oil,
Dye,
Luvitol EHO,
Cetyl alcohol,
Bees wax,
Paraffin,
Cremophor RH 40,
Polyvinyl pyrrolidone–iodine,1
Kollidon VA 64,
Propanol,
Polyvinyl pyrrolidone–iodine,1
Kollidon VA 64,
Ethanol,
Polyvinyl pyrrolidone–iodine,1
Sorbitol,
Menthol,
Eucalyptol,
Aspartame,
Saccharin sodium,
Silicon dioxide,
Magnesium stearate,
Polyvinyl pyrrolidone–iodine,1
Paraffin,
Vaseline,
Cetylstearyl alcohol,
Cremophor A 6,
Cremophor A 25,
Propylene glycol,
Water purified,
Polyvinyl pyrrolidone–iodine,1
Saccharin sodium,
Water purified,
Menthol,
"Anise oil + eucalyptus oil, 1+1",
Lutrol E 400,
Ethanol,
Polyvinyl pyrrolidone–iodine,1
Potassium iodide,1
Potassium iodate,1
Sodium chloride,
Sodium hydroxide,
Water purified,
Polyvinyl pyrrolidone–iodine,1
Potassium iodide,1
Potassium iodate,1
Water purified,
Polyvinyl pyrrolidone–iodine,1
Maize PO4 Aerosol,
Isopropyl myristate,
Dow Corning 344 Fluid,
Pentane,
"Propane + butane, 1+3",
Polyvinyl pyrrolidone–iodine,1
Water purified,
Potassium iodide,
Xylitol,
Propylene glycol,
Menthol,
Peppermint oil,
Polyvinyl pyrrolidone–iodine,1
Hydroxyethylcellulose,
Lutrol F 127,
Sodium hydroxide,
Water purified,
Polyvinyl pyrrolidone–iodine,1
Tylose® M 300,
Texapon® K 12,
Citric acid,
Sodium biphosphate,
Polyvinyl pyrrolidone–iodine,1
Neutronyx® S 60,
Super Amide® L 9,
Hydroxyethylcellulose,
Water purified,
Polyvinyl pyrrolidone–iodine,1
Hydroxyethylcellulose,
Water purified,
Polyvinyl pyrrolidone–iodine,1
Citric acid,
Sodium diphosphate,
Polyvinyl pyrrolidone–iodine,1
Lutrol F 127,
Lutrol E 400,
Citric acid,
Sodium diphosphate,
Polyvinyl pyrrolidone–iodine,1
Texapon® K 12,
Sodium biphosphate,
Sodium citrate,
Sodium hydroxide,
Glycerol,
Water purified,
Polyvinyl pyrrolidone–iodine,1
Neutronyx® S 60,
Super Amide® L 9,
Floral Bouquet,
Water purified,
Polyvinyl pyrrolidone–iodine,1
Lutensit® AES,
Monoamide® 150 MAW,
Floral Bouquet,
Water purified,
Polyvinyl pyrrolidone–iodine,1
Texapon® K 12,
Super Amide® L 9,
Water purified,
Polyvinyl pyrrolidone–iodine,1
Lutensit® AES,
Super Amide® L 9,
Water purified,
Polyvinyl pyrrolidone–iodine,1
Fenopon® CO 436,
Super Amide® L 9,
Glycerol,
Water purified,
Polyvinyl pyrrolidone–iodine,1
Glycerol,
Glacial acetic acid,
Sodium hydroxide,
Water purified,
Polyvinyl pyrrolidone–iodine,1
Lutrol E 400,
Sodium hydroxide,
Water purified,
Lutrol E 4000,
Polyvinyl pyrrolidone–iodine,1
Lutrol E 400,
Lutrol F 127,
Citric acid,
Sodium diphosphate,
Polyvinyl pyrrolidone–iodine,1
Lutrol E 400,
Lutrol E 4000,
Polyvinyl pyrrolidone–iodine,1
Lutrol E 400,
Lutrol E 1500,
Lutrol E 4000,
Polyvinyl pyrrolidone–iodine,1
Hydroxyethylcellulose,
Buffer,
Water purified,
Prazosin hydrochloride ,1
Ludipress,
Magnesium stearate,
Prazosin hydrochloride ,1
Ludipress,
Magnesium stearate,
Prednisolone,1
Lactose,
Kollidon VA 64,
Kollidon CL,
Magnesium stearate,
Silicon dioxide,
Prednisone,1
Ludipress,
Magnesium stearate,
Probenecid,1
Corn starch,
Kollidon 30,
Ethanol,
Kollidon CL,
Silicon dioxide,
Magnesium stearate,
Procain Penicillin G,1
Kollidon 17 PF,
Carboxymethylcellulose sodium,
Sodium citrate,
Antioxidant,
Preservative,
Water for injectables,
Propanidide,1
Cremophor EL,
Preservative,
Water for injectables,
Propranolol hydrochloride,1
Ludipress,
Magnesium stearate,
Propranolol hydrochloride,1
Ludipress,
Magnesium stearate,
Propranolol hydrochloride,1
Ludipress,
Magnesium stearate,
Propranolol,1
Ludipress,
Magnesium stearate,
Stearic acid,
Kollidon VA 64,
Ethocel® 20,
Dye,
Talc,
Dye,
Isopropanol,
Water purified,
Isopropanol,
Water purified,
Kollidon VA 64,
Klucel® EF,
Talc,
Dye,
Water purified,
Kollidon VA 64,
Klucel® EF,
Dye,
Isopropanol,
Kollidon VA 64,
Lutrol E 6000,
"HPMC 6 mPa · s (e. g. Pharmacoat® 606, Shin-etsu)",
Water purified,
Dye,
Dye,
Talc,
Water purified,
Kollidon VA 64,
Lutrol E 6000,
Glycerol,
Dye,
Dye,
Talc,
Water purified,
Kollidon VA 64,
Lutrol E 6000,
Polyvinyl alcohol,
Water purified,
Dye,
Dye,
Talc,
Water purified,
Shellac,
Kollidon 25,
Dye,
Talc,
Cetyl alcohol,
Sorbitane trioleate,
Dye,
Ethanol,
Pseudoephedrine hydrochloride,1
Dicalcium phosphate,
Kollidon 30,
Water purified,
Polyethylene glycol 6000,
Silicon dioxide,
Pyrazinamide,1
Ludipress,
Kollidon CL,
Silicon dioxide,
Pyrazinamide,1
Corn starch,
Kollidon 30,
Ethanol,
Kollidon CL,
Magnesium stearate,
Ranitidine,1
Ludipress,
Magnesium stearate,
Ranitidine,1
Ludipress,
Magnesium stearate,
Silicon dioxide,
Rifampicin,1
Corn starch,
Kollidon 90F,
Ethanol,
Kollidon CL,
Stearic acid,
Magnesium stearate,
Silicon dioxide,
Saccharin sodium,1
Tartaric acid,
Sodium bicarbonate,
Kollidon VA 64,
Polyethylene glycol 6000,
Saccharin sodium,1
Ludipress,
Kollidon CL,
Magnesium stearate,
Polyethylene glycol 6000,
Saccharin sodium,1
Ludipress,
Kollidon CL,
Magnesium stearate,
Lutrol F 68,
Selegiline,1
Ludipress,
Magnesium stearate,
Serratio peptidase,1
Ludipress,
Magnesium stearate,
Silimarin,1
Ludipress,
Magnesium stearate,
Simethicone,1
Sucrose,
Kollidon 90F,
Kollidon 90F,
Isopropanol,
Silicon dioxide,
Magnesium stearate,
Simethicone,1
Sorbitol,
Silicon dioxide,
Ludipress,
Menthol,
Magnesium stearate,
Simethicone,1
Cremophor RH 40,
Kollidon VA 64,
Ethanol,
Sorbitol,
Fructose,
Nonionic hydrophilic Cream,
Flavor,
Sobrerol,1
Kollidon 17 PF,
Water for injectables,
Sodium fluoride,1
Sorbitol,
Dicalcium phosphate,
Kollidon VA 64,
Magnesium stearate,
Sodium fluoride,1
Ludipress,
Magnesium stearate,
Spironolactone,1
Ludipress,
Magnesium stearate,
Spirulina extract,1
Ludipress,
Polyethylene glycol 6000,
Silicon dioxide,
Kollidon VA 64,
Ethanol,
Sucralfate,1
Sodium alginate,1
Corn starch,
Kollidon 30,
Ethanol,
Kollidon CL,
Magnesium stearate,
Sucrose,
Kollidon 30,
Dye,
Calcium carbonate,
Talc,
Dye,
Glycerol,
Water purified,
Kollidon 30,
Carboxymethylcellulose sodium,
Silicon dioxide,
Talc,
Cremophor RH 40,
Dye,
Sucrose,
Water purified,
Kollidon 30,
Carboxymethylcellulose sodium,
Silicon dioxide,
Talc,
Cremophor RH 40,
Dye,
Dye,
Sucrose,
Water purified,
Sucrose,
Kollidon VA 64,
Dye,
Dye,
Lutrol E 4000,
Talc,
Water purified,
Sulphadiazine,1
Trimethoprim,1
Sodium hydroxide,
Nonionic hydrophilic Cream,
Water purified,
Sulfadiazine,1
Lactose,
Kollidon 30,
Water purified,
Kollidon CL,
Talc,
Silicon dioxide,
Calcium arachinate,
Sulfadimethoxine,1
Ethanol,
Propylene glycol,
Kollidon 12 PF,
Antioxidant,
Water for injectables,
Sulfadimidine,1
Lactose,
Kollidon 30,
Water purified,
Kollidon CL,
Talc,
Silicon dioxide,
Calcium arachinate,
Sulfadoxine,1
Trimethoprim,1
Soluphor P,
Water for injectables,
Sodium hydroxide,
Sulfadoxine,1
Lutrol E 400,
Preservative,
Water purified,
Sulfamethoxazole,1
Trimethoprim,1
Kollidon 30,
Isopropanol,
Kollidon CL,
Talc,
Magnesium stearate,
Sulfamethoxazole,1
Trimethoprim,1
Sorbitol,
Sodium citrate,
Sodium gluconate,
Nonionic hydrophilic Cream,
Flavor,
Saccharin sodium,
Flavor,
Sodium benzoate,
Sulfamethoxazole,1
Trimethoprim,1
Nonionic hydrophilic Cream,
Sucrose,
Water purified,
Flavor,
Flavor,
Sulfamethoxazole,1
Trimethoprim,1
Sucrose,
Lutrol F 127,
Water purified,
Flavor,
Flavor,
Sulfamoxole,1
Trimethoprim,1
Kollidon 12 PF,
Parabens,
Sodium sulfite,
Propylene glycol,
Water for injectables,
Ethanol,
Sulfathiazole,1
Lactose,
Kollidon 30,
Water purified,
Kollidon CL,
Magnesium stearate,
Sulfathiazole,1
Dicalcium phosphate,
Kollidon 30,
Water purified,
Kollidon CL,
Magnesium stearate,
Sulfathiazole,1
Kollidon 12 PF,
Sodium sulfite,
Water for injectables,
Sulfathiazole,1
Kollidon 25,
Preservative,
Water purified,
Tannic acid,1
Water purified,
Kollidon CL,
Cellulose,
Talc,
Silicon dioxide,
Calcium arachinate,
Terazosin hydrochloride,1
Ludipress,
Magnesium stearate,
Terazosin hydrochloride,1
Ludipress,
Magnesium stearate,
Terfenadine,1
Lutrol F 127,
Cremophor RH 40,
Preservative,
Water purified,
Terfenadine,1
Ludipress,
Kollidon CL,
Magnesium stearate,
Tetracycline hydrochloride,1
Ludipress,
Cellulose,
Magnesium stearate,
Tetracycline hydrochloride,1
Lactose,
Kollidon 30,
Kollidon CL,
Talc,
Silicon dioxide,
Calcium arachinate,
Tetrazepam,1
Cellulose,
Starch,
Kollidon VA 64,
Magnesium stearate,
Theophylline,1
Ephedrine hydrochloride ,1
Ludipress,
Silicon dioxide,
Magnesium stearate,
Theophylline,1
Ludipress,
Magnesium stearate,
Theophylline ,1
Kollidon 12 PF,
Propylene glycol,
Preservative,
Antioxidant,
Water for injectables,
Tretinoin ,1
Lutrol E 400,
Cremophor RH 40,
Butylhydroxytoluene,
Alpha-Bisabolol,1
Water purified,
Preservative,
Lutrol F 127,
Tretinoin ,1
Lutrol E 400,
Cremophor RH 40,
Butylhydroxytoluene,
Water purified,
Dexpanthenol,1
Lutrol F 127,
Tretinoin ,1
Luvitol EHO,
Cremophor A 6,
Cremophor A 25,
Glycerol,
Cetyl alcohol,
Tegiloxan® 100,
Butylhydroxytoluene,
Propylene glycol,
Preservative,
Perfume,
Water purified,
Tretinoin ,1
Ethanol,
Cremophor RH 40,
Perfume,
Butylhydroxytoluene,
Carbopol® 940,
Water purified,
Triethanolamine,
Water purified,
Tretinoin ,1
Cremophor RH 40,
Propylene glycol,
Butylhydroxytoluene,
Alpha-Bisabolol,1
Water purified,
Sorbic acid,
Triamcinolone,1
Ludipress,
Kollidon CL,
Magnesium stearate,
Trifluoperazine hydrochloride,1
Ludipress,
Magnesium stearate,
Parabens,
Water purified,
Carbopol® 940,
Sodium hydroxide,
Kollidon 30,
Water purified,
Valeriana extract,1
Passiflora extract,1
Cellulose,
Kollidon CL,
Silicon dioxide,
Magnesium stearate,
Valproate sodium,1
Corn starch,
Kollidon 30,
Isopropanol,
Kollidon CL,
Magnesium stearate,
Verapamil Hydrochloride,1
Ludipress,
Magnesium stearate,
Silicon dioxide,
Vitamin A,1
Pyridoxine hydrochloride,1
Vitamin E,1
Ludipress,
Magnesium stearate,
Silicon dioxide,
"Vitamin A + D3 500,000 + 50,000 i.u./g ",1
Ascorbic acid,1
Sucrose,
Sorbitol,
Mannitol,
Ludipress,
Stearic acid,
Saccharin sodium,
Cyclamate sodium,
Flavor,
Polyethylene glycol 6000,
Vitamin A,1
Ascorbic acid,1
Vitamin E,1
Lactose,
Cellulose,
Kollidon 25,
Talc,
Silicon dioxide,
Vitamin A,1
Ascorbic acid,1
Vitamin E,1
Mannitol,
Cellulose,
Kollidon VA 64,
Kollidon CL,
Talc,
Silicon dioxide,
Vitamin A,1
Vitamin D3,1
Solutol HS 15,
Water for injectables,
Calcium gluconate,1
Magnesium sulfate,1
Vitamin A,1
Vitamin D3,1
Benzyl alcohol,
Cremophor EL,
Water for injectables,
Vitamin E,1
Butylhydroxytoluene,
Cremophor EL,
Beta carotene,1
Vitamin A,1
Vitamin D3,1
Vitamin E,1
Butylhydroxytoluene,
Solutol HS 15,
Benzyl alcohol,
Water for injectables,
Vitamin A,1
Vitamin D3,1
Vitamin E,1
Cremophor EL,
Butylhydroxytoluene,
Benzyl alcohol,
Water for injectables,
Vitamin A,1
Vitamin D3,1
Vitamin E,1
Butylhydroxytoluene,
Cremophor EL,
Glycerol,
Preservative,
Water purified,
Vitamin A,1
Vitamin D3,1
Vitamin E,1
Butylhydroxytoluene,
Cremophor EL,
Glycerol,
Preservative,
Water purified,
Vitamin A,1
Vitamin D3,1
Vitamin E,1
Alpha-Tocopherol ,
Butylated hydroxyanisole,
Cremophor EL,
Miglyol® 812,
Benzyl alcohol,
Benzyl benzoate,
Vitamin A,1
Vitamin D3,1
Vitamin E,1
Cremophor EL,
Butylhydroxytoluene,
Benzyl alcohol,
Water for injectables,
Vitamin A,1
Vitamin D3,1
Butylhydroxytoluene,
Cremophor RH 40,
Preservative,
Water purified,
Vitamin A,1
Vitamin D3,1
Butylhydroxytoluene,
Cremophor RH 40,
Preservative,
Water purified,
Vitamin A,1
Vitamin D3,1
Cremophor RH 40,
Butylhydroxytoluene,
Lutrol E 400,
Parabens,
Sorbic acid,
Water purified,
Vitamin A,1
Vitamin D3,1
Butylhydroxytoluene,
Solutol HS 15,
Preservative,
Water for injectables,
Vitamin A,1
Vitamin D3,1
Butylhydroxytoluene,
Solutol HS 15,
Preservative,
Water for injectables,
Vitamin A,1
Vitamin D3,1
Butylhydroxytoluene,
Cremophor RH 40,
Preservative,
Flavor,
Water purified,
Vitamin A,1
Vitamin D3,1
Cremophor RH 40,
Sugar syrup,
Vitamin A,1
Vitamin E,1
Sorbitol,
Flavor,
Cyclamate sodium,
Polyethylene glycol 6000,
Vitamin A,1
Vitamin E,1
Cremophor RH 40,
Alpha-Tocopherol ,
Preservative,
Water purified,
Vitamin A,1
Vitamin E,1
Cremophor RH 40,
Preservative,
Water purified,
Vitamin A,1
Vitamin E,1
Cremophor RH 40,
Ethanol,
Water purified,
Vitamin A,1
Vitamin E,1
Butylhydroxytoluene,
Solutol HS 15,
Preservative,
Water for injectables,
Vitamin A,1
Vitamin E,1
Mannitol,
Kollidon CL,
Vitamin A,1
Mannitol,
Kollidon VA 64,
Magnesium stearate,
Silicon dioxide,
Vitamin A,1
Butylhydroxytoluene,
Cremophor RH 40,
Preservative,
Water purified,
Vitamin A,1
Cremophor RH 40,
Butylhydroxytoluene,
Water purified,
Vitamin A,1
Cremophor RH 40,
Lutrol E 400,
Butylhydroxytoluene,
Water purified,
Vitamin A,1
Cremophor RH 40,
Benzyl alcohol,
Water for injectables,
Ethanol,
Vitamin A,1
Butylhydroxytoluene,
Cremophor RH 40,
Lutrol E 1500,
Lutrol E 4000,
Vitamin A,1
Cellulose,
Kollidon VA 64,
Kollidon CL,
Silicon dioxide,
Vitamin A,1
Dicalcium phosphate,
Polyethylene glycol,
Kollidon CL,
Silicon dioxide,
Vitamin A,1
Ludipress,
Magnesium stearate,
Vitamin A,1
Ludipress,
Cellulose,
Magnesium stearate,
Silicon dioxide,
Vitamin A,1
Cellulose,
Kollidon VA 64,
Kollidon CL,
Silicon dioxide,
Thiamine hydrochloride ,1
Pyridoxine hydrochloride,1
Cyanocobalamine,1
Glutamine,1
Inositol,1
Potassium aspartate,1
Carnitine,1
Magnesium aspartate,1
Citric acid,
Sodium bicarbonate,
Flavor,
Kollidon VA 64,
Isdopropanol,
Thiamine mononitrate,1
Riboflavin sodium phosphate,1
Nicotinamide,1
Calcium pantothenate,1
Folic Acid,1
Biotin,1
Cyanocobalamine,1
Carnitine,1
Inositol,1
Adenosine phosphate,
Kollidon 30,
Isopropanol,
Kollidon CL,
Lactose,
Polyethylene glycol 6000,
"Evening Primrose Oil (Epopure®, Prima Rosa/SA)",1
Cremophor RH 40,
Water purified,
Ferric citrate,1
Manganese phosphate,1
Thiamine hydrochloride,1
Riboflavin sodium phosphate,1
Cyanocobalamine,1
Nicotinamide,1
Nonionic hydrophilic Cream,
Sucrose,
Citric acid,
Flavor,
Cyclamate sodium,
Saccharin sodium,
Kollidon 90F,
Thiamine mononitrate,1
Riboflavin sodium phosphate,1
Nicotinamide,1
Pyridoxine hydrochloride,1
Calcium pantothenate,1
Calcium carbonate,1
Calcium glycerophosphate,1
Sodium bicarbonate,
Tartaric acid,
Sucrose,
Sucrose,
Kollidon 30,
Kollidon 30,
Isopropanol,
Ascorbic acid,1
Riboflavin sodium phosphate,1
Cyanocobalamine,1
Polyethylene glycol 6000,
Kollidon CL,
Ferrous sulfate,1
Kollidon 30,
Kollidon 30,
Propanol,
Thiamine mononitrate,1
Riboflavin sodium phosphate,1
Pyridoxine hydrochloride,1
Nicotinamide,1
Ascorbic acid,1
Ludipress,
Polyethylene glycol 6000,
Silicon dioxide,
Thiamine mononitrate,1
Riboflavin sodium phosphate,1
Pyridoxine hydrochloride,1
Nicotinamide,1
Calcium pantothenate,1
Tartaric acid,
Sodium bicarbonate,
Sucrose,
Kollidon 30,
Isopropanol,
Ascorbic acid,1
Riboflavin sodium phosphate,1
Cyanocobalamine,1
Flavor,
Saccharin sodium,
Cyclamate sodium,
Polyethylene glycol 6000,
Thiamine hydrochloride,1
Riboflavin sodium phosphate,1
Nicotinamide,1
Pyridoxine hydrochloride,1
Cyanocobalamine,1
Ascorbic acid,1
Sucrose,
Kollidon 30,
Ethanol,
Thiamine hydrochloride,1
Riboflavin sodium phosphate,1
Nicotinamide,1
Dexpanthenol,1
Pyridoxine hydrochloride,1
Ascorbic acid,1
Flavor,
Edetate disodium,
Propyl gallate,
Sorbic acid,
Kollidon 25,
Sorbitol,
Glycerol,
Propylene glycol,
Water purified,
Sugar syrup,
Thiamine hydrochloride,1
Riboflavin sodium phosphate,1
Nicotinamide,1
Dexpanthenol,1
Pyridoxine hydrochloride,1
Ascorbic acid,1
Orange aroma,
Edetate disodium,
Propylene glycol + water (2 + 1),
Parabens,
Sorbitol,
Sucrose,
Water purified,
Thiamine mononitrate,1
Riboflavin sodium phosphate,1
Pyridoxine hydrochloride,1
Folic Acid,1
Niacin,1
Biotin,1
Calcium pantothenate,1
Ascorbic acid ,1
Ludipress,
Kollidon VA 64,
Magnesium stearate,
Thiamine hydrochloride,1
Riboflavin sodium phosphate,1
Pyridoxine hydrochloride,1
Choline bitartrate,1
Nicotinamide,1
Ascorbic acid ,1
Ludipress,
Stearic acid,
Thiamine hydrochloride,1
Riboflavin sodium phosphate,1
Nicotinamide,1
Pyridoxine hydrochloride,1
Cyanocobalamine,1
Edetate disodium,
Propyl gallate,
Kollidon 17 PF,
Parabens,
Citric acid,
Sodium hydroxide,
Hydrochloric acid,
Propylene glycol,
Water for injectables,
Thiamine hydrochloride,1
Riboflavin sodium phosphate,1
Nicotinamide,1
Dexpanthenol,1
Pyridoxine hydrochloride,1
Sorbic acid,
Edetate disodium,
Flavor,
Sucrose,
Kollidon 25,
Glycerol,
Propylene glycol,
Water purified,
Thiamine mononitrate,1
Riboflavin sodium phosphate,1
Nicotinamide,1
Calcium pantothenate,1
Pyridoxine hydrochloride,1
Cyanocobalamine,1
Cellulose,
Kollidon 30,
Silicon dioxide,
Thiamine hydrochloride,1
Riboflavin sodium phosphate,1
Nicotinamide,1
Calcium pantothenate,1
Pyridoxine hydrochloride,1
Cyanocobalamine,1
Cellulose,
Kollidon 30,
Silicon dioxide,
Thiamine mononitrate,1
Riboflavin sodium phosphate,1
Nicotinamide,1
Calcium pantothenate,1
Pyridoxine hydrochloride,1
Cyanocobalamine,1
Ludipress,
Flavor,
Saccharin sodium,
Cyclamate sodium,
Magnesium stearate,
Thiamine hydrochloride,1
Caffeine,1
Corn starch,
Kollidon VA 64,
Kollidon VA 64,
Ethanol,
Polyethylene glycol 6000,
Thiamine hydrochloride,1
Riboflavin sodium phosphate,1
Nicotinamide,1
Pyridoxine hydrochloride,1
Parabens,
Citric acid,
Sodium hydroxide,
Hydrochloric acid,
Water for injectables,
Thiamine hydrochloride,1
Pyridoxine hydrochloride,1
Cyanocobalamine,1
Ludipress,
Magnesium stearate,
Thiamine mononitrate,1
Pyridoxine hydrochloride,1
Cyanocobalamine,1
Ludipress,
Polyethylene glycol 6000,
Silicon dioxide,
Thiamine mononitrate,1
Pyridoxine hydrochloride,1
Lactose,
Kollidon 30,
Isopropanol,
Cyanocobalamine,1
Kollidon CL,
Magnesium stearate,
Talc,
Thiamine hydrochloride,1
Ludipress,
Magnesium stearate,
Silicon dioxide,
Thiamine mononitrate,1
Ludipress,
Magnesium stearate,
Silicon dioxide,
Thiamine hydrochloride,1
Lactose,
Cellulose,
Kollidon CL,
Silicon dioxide,
Thiamine mononitrate,1
Lactose,
Cellulose,
Kollidon CL,
Silicon dioxide,
Thiamine hydrochloride,1
Ludipress,
Silicon dioxide,
Magnesium stearate,
Thiamine mononitrate,1
Lactose,
Cellulose,
Kollidon CL,
Silicon dioxide,
Thiamine hydrochloride,1
Lactose,
Kollidon 30,
Isopropanol,
Kollidon CL,
Magnesium stearate,
Silicon dioxide,
Thiamine mononitrate,1
Dicalcium phosphate,
Kollidon 30,
Isopropanol,
Kollidon CL,
Magnesium stearate,
Cyanocobalamine,1
Ludipress,
Magnesium stearate,
Dye,
Dye,
Riboflavin sodium phosphate,1
Ludipress,
Magnesium stearate,
Silicon dioxide,
Riboflavin sodium phosphate,1
Lactose,
Corn starch,
Cellulose,
Kollidon 30,
Water purified,
Silicon dioxide,
Talc,
Castor oil,
Riboflavin sodium phosphate,1
Sorbitol,
Kollidon VA 64,
Magnesium stearate,
Silicon dioxide,
Riboflavin sodium phosphate,1
Sorbitol,
Kollidon VA 64,
Magnesium stearate,
Silicon dioxide,
Riboflavin sodium phosphate,1
Ludipress,
Magnesium stearate,
Silicon dioxide,
Nicotinamide,1
Cellulose,
Kollidon VA 64,
Magnesium stearate,
Silicon dioxide,
Calcium pantothenate,1
Sorbitol,
Cellulose,
Kollidon CL,
Polyethylene glycol 6000,
Flavor,
Calcium pantothenate,1
Ludipress,
Kollidon CL,
Magnesium stearate,
Calcium pantothenate,1
Cellulose,
Calcium phosphate,
Kollidon CL,
Stearic acid,
Magnesium stearate,
Calcium pantothenate,1
Lactose,
Corn starch,
Cellulose,
Kollidon VA 64,
Kollidon CL,
Talc,
Calcium arachinate,
Silicon dioxide,
Calcium pantothenate,1
Sorbitol,
Cellulose,
Kollidon CL,
Polyethylene glycol 6000,
Pyridoxine hydrochloride,1
Lactose,
Cellulose,
Kollidon VA 64,
Kollidon CL,
Magnesium stearate,
Silicon dioxide,
Pyridoxine hydrochloride,1
Lactose,
Cellulose,
Magnesium stearate,
Silicon dioxide,
Pyridoxine hydrochloride,1
Corn starch,
Kollidon 30,
Water + Isopropanol (1+1),
Magnesium stearate,
Silicon dioxide,
Pyridoxine hydrochloride,1
Tablettose,
Kollidon VA 64,
Kollidon CL,
Magnesium stearate,
Silicon dioxide,
Pyridoxine hydrochloride,1
Lactose,
Cellulose,
Kollidon VA 64,
Kollidon CL,
Magnesium stearate,
Silicon dioxide,
Pyridoxine hydrochloride,1
Cellulose,
Kollidon VA 64,
Magnesium stearate,
Pyridoxine hydrochloride,1
Lactose,
Kollidon 30,
Water + Isopropanol (1+1),
Kollidon CL,
Silicon dioxide,
Calcium carbonate,1
Sodium bicarbonate,
Tartaric acid,
Kollidon 30,
Kollidon 30,
Isopropanol,
Sucrose,
Ascorbic acid,1
Kollidon CL,
Polyethylene glycol 6000,
Ascorbic acid,1
Vitamin E,1
Glucose,
Kollidon 90F,
Isopropanol,
Polyethylene glycol 6000,
Ascorbic acid,1
Sorbitol,
Glucose,
Polyethylene glycol 6000,
Magnesium stearate,
Silicon dioxide,
Cyclamate sodium,
Flavor,
Ascorbic acid,1
Sodium ascorbate ,1
Sorbitol,
Sucrose,
Polyethylene glycol 6000,
Magnesium stearate,
Silicon dioxide,
Saccharin sodium,
Flavor,
Ascorbic acid,1
Glucose,
Kollidon 90F,
Water purified,
Polyethylene glycol 6000,
Ascorbic acid,1
Glucose,
Kollidon 90F,
Water purified,
Polyethylene glycol 6000,
Ascorbic acid,1
Fructose,
Ludipress,
Cellulose,
Kollidon VA 64,
Silicon dioxide,
Polyethylene glycol 6000,
Ascorbic acid ,1
Sucrose,
Cellulose,
Kollidon VA 64,
Magnesium stearate,
Ascorbic acid,1
Sorbitol,
Citric acid,
Sodium bicarbonate,
Polyethylene glycol 6000,
Flavor,
Cyclamate sodium,
Saccharin sodium,
Ascorbic acid,1
Sorbitol,
Citric acid,
Sodium bicarbonate,
Polyethylene glycol 6000,
Flavor,
Cyclamate sodium,
Saccharin sodium,
Sodium hydrogen carbonate,
Tartaric acid,
Kollidon 25,
Propanol,
Ascorbic acid,1
Sucrose,
Polyethylene glycol 6000,
Glucose,
Flavor,
Saccharin sodium,
Ascorbic acid,1
Ludipress,
Magnesium stearate,
Ascorbic acid,1
Ludipress,
Kollidon VA 64,
Kollidon CL,
Silicon dioxide,
Magnesium stearate,
Ascorbic acid,1
Sodium ascorbate,1
Ludipress,
Stearic acid,
Flavor,
Saccharin sodium,
Silicon dioxide,
Ascorbic acid,1
Kollidon CL,
Kollidon VA 64,
Isopropanol,
Cellulose,
Polyethylene glycol 6000,
Vitamin E,1
Benzocaine,1
Lutrol F 127,
Cremophor RH 40,
Sorbic acid,
Water purified,
Vitamin E,1
Solutol HS 15,
Preservative,
Sodium selenite,1
Water for injectables,
Vitamin E,1
Sorbitol,
Mannitol,
Silicon dioxide,
Magnesium stearate,
Vitamin E,1
Ludipress,
Silicon dioxide,
Vitamin E,1
Dicalcium phosphate,
Silicon dioxide,
Vitamin E,1
Sorbitol,
Silicon dioxide,
Saccharin sodium,
Magnesium stearate,
Vitamin E,1
Ludipress,
Silicon dioxide,
Saccharin sodium,
Vitamin E,1
Ludipress,
Silicon dioxide,
Flavor,
Vitamin E,1
Cremophor RH 40,
Preservative,
Water purified,
Vitamin E,1
Cremophor RH 40,
Preservative,
Water purified,
Vitamin E,1
Propylene glycol,
Lutrol F 127,
Water purified,
Vitamin E,1
Cremophor EL,
Water purified,
Ethanol,
Vitamin E,1
Mannitol,
Tablettose,
Kollidon VA 64,
Magnesium stearate,
Silicon dioxide,
Vitamin E,1
Sorbitol,
Magnesium stearate,
Silicon dioxide,
Phytomenadione,1
Cremophor EL,
Preservative,
Water for injectables,
Phytomenadione,1
Cremophor EL,
Preservative,
Water for injectables,
Acetazolamide,1
Vehicle,
Allopurinol,1
Vehicle,
Alprazolam,1
Vehicle,
Amiodarone,1
Sodium Bicarbonate,
Vehicle,
Amlodipine,1
Water purified,
Vehicle,
Atenolol,1
Glycerol,
Vehicle,
Baclofen,1
Glycerol,
Simple syrup,
Baclofen,1
Vehicle,
Caffeine Citrate,1
Citric acid,1
Vehicle,
Captopril,1
Simple syrup,
Captopril,1
Ascorbic acid,
Water purified,
Sinemet ®,1
Vehicle,
Carvedilol,1
Vehicle,
Carvedilol,1
Vehicle,
Water for injectables,
Chloroquine,1
Vehicle,
Citric acid,1
Water purified,
Clonazepam,1
Vehicle,
Clopidorgrel,1
Vehicle,
Daspone,1
Vehicle,
Dexamethasone ,1
Vehicle,
Dipyridamole,1
Vehicle,
Enalapril,1
Vehicle,
Enalapril,1
Vehicle,
Ferric Ammonium Citrate,1
Chloroform water double-strength BP,
Lemon spirit,
Syrup,
Water purified,
Folic Acid,1
Vehicle,
Gabapentin,1
Vehicle,
Glycopyrrolate,1
Vehicle,
Hydrochlorothiazide,1
Vehicle,
Indomethacin,1
Vehicle,
Isoniazid,1
Water purified,
Sorbitol,
Labetalol,1
Simple syrup,
Labetalol,1
Vehicle,
Lansoprazole,1
Sodium bicarbonate,
Lorazepam,1
Simple syrup,
Methylcellulose,1
Sodium benzoate,
Simple syrup,
Metoprolol,1
Vehicle,
Midazolam Injection,1
Simple syrup,
Nifedipine,1
Methylcellulose,
Nifedipine,1
Vehicle,
Nitrofurantoin,1
Vehicle,
Omaprazole,1
Sodium Bicarbonate,
Pantoprazole Sodium,1
Sodium Bicarbonate ,
Water purified,
Pentoxifylline,1
Water purified,
Phenobarbitone,1
Vehicle,
Phytomenadione,1
Simple syrup,
Propranolol,1
Simple syrup,
Propranolol,1
Simple syrup,
Water purified,
Citric acid,
Pyrazinamide,1
Vehicle,
Pyrazinamide,1
Simple syrup,
Rifampicin,1
Simple syrup,
Rifampicin,1
Vehicle,
Sildenafil,1
Vehicle,
Spironolactone,1
Vehicle,
Spironolactone,1
Water for injectables,
Simple syrup,
Trimethoprim,1
Methylcellulose,
Trimethoprim,1
Simple syrup,
Ursodeoxycholic acid,1
Vehicle,
Verapamil Hydrochloride,1
Vehicle,
Verapamil Hydrochloride,1
Water purified,
Simple syrup,
Abacavir hemisulfate,1
Sorbitol,
Saccharin sodium,
Flavor,
Flavor,
Sodium citrate,
Citric acid,
Methyl paraben,
Propyl paraben,
Propylene glycol,
Hydrochloric acid,
Sodium hydroxide,
Paracetamol,1
Pseudoephedrine hydrochloride,1
Chlorpheniramine maleate,1
Ascorbic acid,
Sodium hydroxide,
Edetate disodium,
Saccharin sodium,
Sodium metabisulfite,
Ethanol,
Propylene glycol,
Sorbitol,
Glycerol,
Sucrose,
Quinoline yellow,
Flavor,
Water purified,
Propylene glycol,
Paracetamol,1
Saccharin sodium,
Sodium chloride,
Dye,
Water purified,
Flavor,
Ethanol,
Deionized purified water,
Paracetamol,1
Sucrose,
Methyl paraben,
Propyl paraben,
Sodium citrate,
Glycerol,
Glycerol,
Sorbitol,
Xanthan gum,
Dye,
Flavor,
Flavor,
Water purified,
Paracetamol,1
Vehicle,
Paracetamol,1
Sucrose,
Sodium citrate,
Citric acid,
Saccharin sodium,
Sodium chloride,
Propylene glycol,
Ethanol,
Flavor,
Dye,
Deionized purified water,
HyFlo filter aid,
Paracetamol,1
Sorbitol,
Cyclamate sodium,
Flavor,
Kollidon 25,
Glycerol,
Propylene glycol,
Water purified,
Paracetamol,1
Kollidon 30,
Glycerol,
Cyclamate sodium,
Flavor,
Flavor,
Water purified,
Magnesium aluminium silicate,
Water purified,
Propylene glycol,
Mineral oil and acetylated lanolin alcohol,
Glyceryl stearate and Polyethylene glycol 100 stearate,1
Myristyl propionate,
Polyethylene glycol 600,
Eucalyptol,
Preservative,
Acyclovir,1
Kollidon CL-M,
Kollidon 30,
Sorbitol,
Citric acid,
Preservative,
Water purified,
Acyclovir,1
Methyl paraben,
Propyl paraben,
Cellulose,
Glycerol,
Sorbitol,
Flavor,
Water purified,
Acyclovir,1
Kollidon CL-M,
Kollidon 30,
Sorbitol,
Citric acid,
Preservative,
Water purified,
Adapalene,
Polyethylene glycol 400,
Ethanol,
Albendazole,1
Saccharin sodium,
Potassium sorbate,
Propylene glycol,
Xanthan gum,
Flavor,
Polysorbate 80,
Citric acid,
Flavor,
Flavor,
Water purified,
Albendazole,1
Simethicone,
Polysorbate 80,
Xanthan gum,
Sucrose,
Sorbitol,
Sodium benzoate,
Potassium sorbate,
Citric acid,
Flavor,
Water purified,
Albuterol sulfate,1
Sodium chloride,
Sulfuric acid,
Water purified,
Alginic acid,1
Aluminium hydroxide,1
Magnesium trisilicate,1
Sodium bicarbonate,
Sorbitol,
Sucrose,
Ludipress,
Kollidon VA 64,
Magnesium stearate,
Flavor,
Alpha-Bisabolol,1
Flavor,
Cremophor RH 40,
Glycerol,
Saccharin sodium,
Preservative,
Water purified,
Alpha-Bisabolol,1
Cremophor RH 40,
Butylhydroxytoluene,
Preservative,
Water purified,
Alpha-Bisabolol,1
Flavor,
Cremophor RH 40,
Glycerol,
Saccharin sodium,
Ethanol,
Alpha-Bisabolol,1
Lutrol F 127,
Flavor,
Propylene glycol,
Ethanol,
Water purified,
Aluminium hydroxide,1
Magnesium trisilicate,1
Ludipress,
Silicon dioxide,
Magnesium stearate,
Cyclamate sodium,
Menthol,
Aluminum chloride hexahydrate,1
Ethanol,
Aluminium hydroxide,1
Magnesium carbonate,
Kollidon CL-M,
Sorbitol,
Flavor,
Kollidon 30,
Flavor,
Flavor,
Saccharin sodium,
Water purified,
Purified bentonite,
Xanthan gum,
Water purified,
Sorbitol,
Aluminium hydroxide,1
Magnesium hydroxide,1
Preservative,
Magnesium aluminium silicate,1
Methyl paraben,
Propyl paraben,
Saccharin sodium,
Aluminum hydroxide–Magnesium hydroxide,1
Polysorbate 80,
Flavor,
Deionized purified water,
Aluminium hydroxide,1
Magnesium hydroxide,1
Ammonia solution 25%,
Methyl paraben,
Menthol,
Propyl paraben,
Peppermint oil,
Propylene glycol,
Saccharin sodium,
Sorbitol,
Sodium hypochlorite,
Magnesium aluminium silicate,
Water purified,
Aluminium hydroxide,1
Magnesium hydroxide,1
Ammonia solution 25%,
Methyl paraben,
Propyl paraben,
Flavor,
Propylene glycol,
Saccharin sodium,
Sorbitol,
Sodium hypochlorite,
Magnesium aluminium silicate,
Water purified,
Purified bentonite,
Xanthan gum,
Water purified,
Sorbitol,
Aluminium hydroxide,1
Magnesium hydroxide,1
Preservative,
Aluminium hydroxide,1
Magnesium hydroxide,1
Cremophor RH 40,
Silicon oil DC 200,
Kollidon CL-M,
Water purified,
Magnesium aluminium silicate,
Methyl paraben,
Propyl paraben,
Saccharin sodium,
Aluminum hydroxide–Magnesium hydroxide,1
Polysorbate 80,
Flavor,
Water purified,
Aluminium hydroxide,1
Magnesium hydroxide,1
Simethicone emulsion ,1
Sorbitol,
Ammonia solution 25%,
Methyl paraben,
Propyl paraben,
Methylcellulose,
Saccharin sodium,
Sodium hypochlorite,
Flavor,
Water purified,
Simethicone,1
Cremophor RH 40,
Water purified,
Aluminium hydroxide,1
Magnesium hydroxide,1
Kollidon CL-M,
Sorbitol,
Flavor,
Flavor,
Saccharin sodium,
Water purified,
Citric acid,
Aluminium hydroxide,1
Magnesium hydroxide,1
Mannitol,
Sorbitol,
Glucose,
Povidone,
Saccharin sodium,
Dye,
Flavor,
Flavor,
Simethicone GS granules,1
Dextrates,
Silicon dioxide,
Magnesium stearate,
Water purified,
Aminacrine hydrochloride,1
Thymol,
Glyceryl monostearate,
Cetostearyl alcohol,
Polyoxyl 40 stearate,
Paraffin,
Cetrimide,
Isopropanol,
Water purified,
Amoxicillin,1
Simethicone,
Castor sugar,
Sodium citrate,
Xanthan gum,
Flavor,
Flavor,
Flavor,
Silicon dioxide,
Amoxicillin,1
Potassium clavulanate,1
Xanthan gum,
Hydroxypropylmethylcellulose,
Saccharin sodium,
Silicon dioxide,
Succinic acid,
Silicon dioxide,
Flavor,
Flavor,
Flavor,
Ampicillin,1
Simethicone,
Castor sugar,
Sodium citrate,
Xanthan gum,
Flavor,
Flavor,
Flavor,
Silicon dioxide,
Castor sugar,
Ampicillin,1
Sodium citrate,
Citric acid,
Sodium gluconate,
Sorbitol,
Kollidon CL-M,
Flavor,
Flavor,
Saccharin sodium,
Ampicillin,1
Cloxacillin sodium,1
Lutrol F 68,
Antioxidant,
Castor oil,
Amprenavir,1
D-alpha-tocopheryl polyethylene glycol 1000 succinate (TPGS),
Polyethylene glycol 400,
Anise oil,1
Cremophor RH 40,
Ethanol,
Preservative,
Water purified,
Antipyrene,1
Benzocaine,1
Glycerol,
Cetrimonium bromide,1
Chlorhexidine gluconate,1
Polysorbate 20,
Glycerol,
Deionized purified water,
Ascorbic acid,1
Propylene glycol,
Atovaquone,1
Poloxamer 188,
Benzyl alcohol,
Water purified,
Azelastine hydrochloride,1
Edetate disodium,
Sodium chloride,
Benzalkonium chloride,
Citric acid,
Sodium monohydrogen phosphase,
Hydroxypropylmethylcellulose,
Water purified,
Azithromycin,1
Sucrose,
Sodium phosphate,
Xanthan gum,
Cyclamate sodium,
Saccharin sodium,
Glycamil,
Starch,
Flavor,
Sorbitol,
Propylene glycol,
Methyl paraben,
Propyl paraben,
Water purified,
Azithromycin,1
Sodium citrate,
Citric acid,
Sucrose,
Kollidon CL-M,
Cremophor RH 40,
Flavor,
Water purified,
Water purified,
Azulene,1
Cremophor RH 40,
Water purified,
Barium sulfate,1
Kollidon 90F,
Carboxymethylcellulose sodium,
Sodium bisulfite,
Preservative,
Water purified,
Beclomethasone dipropionate,1
Ethanol,
Oleic acid,
HFA 227,
Benzocaine,1
Butyl aminobenzoate,1
Tetracaine hydrochloride,1
Benzalkonium chloride,
Cetyl dimethyl ethyl ammonium bromide,
Water purified,
Benzyl benzoate,1
Cremophor RH 40,
Ethanol,
Water purified,
Vehicle,
Beta-estradiol,1
Perfume,
Kaolin,1
Pectin,1
Bismuth carbonate,1
Cellulose,
Methyl paraben,
Saccharin sodium,
Aspartame,
Sorbitol,
Ethanol,
Deionized purified water,
Magnesium aluminium silicate,
Methylcellulose,
Deionized purified water,
Saccharin sodium,
Bismuth subsalicylate,1
Salicylic acid,
Sodium salicylate,
Ethanol,
Preservative,
Dye,
Bromazepam,1
Saccharin sodium,
Sequestrene disodium,
Flavor,
Sodium hydroxide,
Water purified,
Propylene glycol,
Bromhexine,1
Glycerol,
Benzoic acid,
Flavor,
Tartaric acid,
Ethanol,
Sorbitol,
Carboxymethylcellulose sodium,
Sodium hydroxide,
Water purified,
Bromhexine,1
Glycerol,
Sodium benzoate,
Flavor,
Tartaric acid,
Sorbitol,
Carboxymethylcellulose sodium,
Water purified,
Budesonide,1
Oleic acid,
Trichloromonofluoromethane,
Dichlorodifluoromethane,
Dichlorotetrafluoroethane,
Butamirate citrate,1
Citric acid,
Sorbitol,
Glycerol,
Saccharin sodium,
Sodium benzoate,
Flavor,
Sodium hydroxide,
Water purified,
Caffeine,1
Citric acid,
Sodium citrate,
Water purified,
Salmon calcitonin,1
Sodium chloride,
Benzalkonium chloride,
Hydrochloric acid,
Water purified,
Calcium carbonate,1
Water purified,
Sorbitol,
Xanthan gum,
Hydroxyethylcellulose,
Magnesium hydroxide,
Flavor,
Saccharin sodium,
Guar gum,
Glucose,
Glycerol,
Calcium iodide,1
Ascorbic acid,1
Sucrose,
Saccharin sodium,
Cyclamate sodium,
Flavor,
Ethanol,
Isoproterenol sulfate,1
Dye,
Flavor,
Water purified,
Carbamazepine,1
Propylene glycol,
Kollidon 90F,
Saccharin sodium,
Sodium citrate,
Sorbitol,
Kollidon CL-M,
Water purified,
Carbetapentane tannate,1
Chlorpheniramine tannate,1
Pectin,1
Kaolin,1
Magnesium aluminium silicate,
Benzoic acid,
Methyl paraben,
Sucrose,
Saccharin sodium,
Glycerol,
Flavor,
Dye,
Dye,
Dye,
Sodium hydroxide,
Deionized purified water,
Coenzyme Q10,1
Lutrol E 400,
Cremophor RH 40,
Preservative,
Water purified,
Carnitine,1
Cefaclor,1
Silicone emulsion,
Xanthan gum,
Starch,
Erythrosine aluminum lake,
Flavor,
Sodium lauryl sulfate,
Methylcellulose,
Sucrose,
Cefpodoxime proxetil,1
Sucrose,
Mannitol,
Saccharin sodium,
Hydroxypropyl cellulose,
Dye,
Ethylenediamine tetraacetate disodium,
Flavor,
Water purified,
R-Cefuroxime axetil,1
Sorbitol,
Saccharin sodium,
Water purified,
Cetirizine hydrochloride,1
Maltitol,
Sorbitol,
Sodium citrate,
Propylene glycol,
Methyl paraben,
Propyl paraben,
Saccharin sodium,
Flavor,
Water purified,
Ipecac fluid extract,1
Chlophedianol hydrochloride,1
Ephedrine hydrochloride,1
Ammonium chloride,1
Carbinoxamine maleate,1
Methyl paraben,
Propyl paraben,
Tolu balsam,1
Saccharin sodium,
Sucrose,
Glucose,
Sorbitol,
Ethanol,
Dye,
Flavor,
Propylene glycol,
HyFlo filter aid,
Water purified,
Chloramphenicol palmitate,1
Lutrol E 400,
Cremophor RH 40,
Sucrose,
Water purified,
Water purified,
Chloramphenicol palmitate,1
Lutrol E 400,
Cremophor RH 40,
Sucrose,
Preservative,
Water purified,
Chloramphenicol,1
Kollidon 25,
Preservative,
Water purified,
Chloramphenicol palmitate,1
Lutrol E 400,
Cremophor RH 40,
Sucrose,
Water purified,
Water purified,
Chloramphenicol palmitate,1
Lutrol E 400,
Cremophor RH 40,
Sucrose,
Water purified,
Water purified,
Chlorhexidine diacetate,1
Propylene glycol,
Lutrol F 127,
Water purified,
Chlorpheniramine maleate,1
Sucrose,
Methyl paraben,
Propyl paraben,
Citric acid,
Sodium citrate,
Flavor,
Water purified,
Ciclopirox,1
Ethyl acetate,
Butyl monoester of poly(methylvinyl ether/maleic acid) in isopropyl alcohol,
Isopropanol,
Cimetidine,1
Ethanol,
Methyl paraben,
Propyl paraben,
Pluronic F68,
Propylene glycol,
Saccharin sodium,
Sodium chloride,
Disodium hydrogen phosphate,
Sorbitol,
Sucrose,
Dye,
Flavor,
Sweetener,
Water purified,
Ciprofloxacin,1
Hydrocortisone,1
Polysorbate 80,
Polyvinyl alcohol,
Phospholipon 90H,
Benzyl alcohol,
Acetic acid glacial,
Sodium acetate trihydrate,
Sodium chloride,
Hydrochloric acid,
Sodium hydroxide,
Water purified,
Clarithromycin,1
Carbopol 974P,
Polyvinyl pyrrolidone,
Water purified,
Hydroxypropylmethylcellulose,
Castor oil,
Acetone,
Ethanol,
Potassium sorbate,
Sucrose,
Maltodextrin,
Xanthan gum,
Flavor,
Silicon dioxide,
Citric acid,
Titanium dioxide,
Clotrimazole,1
Cremophor RH 40,
Preservative,
Ethanol,
Water purified,
Clotrimazole,1
Cremophor RH 40,
Preservative,
Ethanol,
Water purified,
Trimethoprim,1
Sulfamethoxazole,1
Magnesium aluminium silicate,
Carboxymethylcellulose sodium,
Glycerol,
Propylene glycol,
Polyvinyl pyrrolidone,
Polysorbate 80,
Silicon dioxide,
Sorbitol,
Saccharin sodium,
Citric acid,
Sucrose,
Methyl paraben,
Propyl paraben,
Dye,
Dye,
Flavor,
Water purified,
Kollidon CL-M,
Sorbitol,
Kollidon 90F,
Preservative,
Flavor,
Water purified,
Cyclosporin,1
Ethanol,
Olive oil,
Labrafil M 1944CS,
Dextromethorphan,1
Chlorpheniramine maleate,1
Vehicle,
Saccharin sodium,
Flavor,
Ammonium glycyrrhizinate,
Dextromethorphan hydrobromide,1
Pseudoephedrine hydrochloride,1
Chlorpheniramine maleate,1
Sorbitol,
Saccharin sodium,
Hydroxyethylcellulose,
Sodium benzoate,
Flavor,
Trisodium citrate,
Deionized purified water,
Dextromethorphan,1
Vehicle,
Sodium metabisulfite,
Edetate disodium,
Saccharin sodium,
Ammonium glycyrrhizinate,
Acesulfame,
Flavor,
Vehicle,
Dextromethorphan,1
Flavor,
Dextromethorphan hydrobromide,1
Pseudoephedrine hydrochloride,1
Chlorpheniramine maleate,1
Sorbitol,
Saccharin sodium,
Hydroxyethylcellulose,
Sodium benzoate,
Flavor,
Trisodium citrate,
Deionized purified water,
Dextromethorphan,1
Vehicle,
Saccharin sodium,
Flavor,
Ammonium glycyrrhizinate,
Diazepam,1
Benzoic acid,
Ethanol,
Propylene glycol,
Sodium benzoate,
Benzyl alcohol,
Water purified,
Diclofenac sodium,1
Kollidon 30,
Cremophor RH 40,
Sucrose,
Water purified,
Dihydroergotamine mesylate,1
Glycerol,
Ethanol,
Methanesulfonic acid,
Sodium hydroxide,
Water purified,
Nitrogen,
Ammonium chloride,1
Flavor,
Citric acid,
Diphenhydramine hydrochloride,1
Ethanol,
Glycerol,
Menthol,
Flavor,
Saccharin sodium,
Sodium benzoate,
Sugar,
Water purified,
Diphenhydramine hydrochloride,1
Maltitol,
Sodium benzoate,
Citric acid,
Sodium citrate,
Saccharin sodium,
Propylene glycol,
Menthol,
Flavor,
Water purified,
Carboxymethylcellulose sodium,
Dye,
Sucrose,
Sodium citrate,
Magnesium aluminium silicate,
Water purified,
Erythromycin,1
Flavor,
Polyethylene glycol 400,
Erythromycin,1
Acetone,
Ethanol,
Nitrogen,
Ethchlorvynol,1
Polyethylene glycol 400,
Gelatin,
Acetone,
Water purified,
Menthol,1
Sodium stearoyl lactylate,
Polyethylene glycol 20 hydrogenated lanolin,
Ritasynt IP,
"Cetearyl alcohol, polysorbate 60, Polyethylene glycol 15 stearate, and steareth-20 (Ritachol 1000)",
Eucalyptol,1
Cremophor RH 40,
Preservative,
Water purified,
Eucalyptol,1
Cremophor RH 40,
Preservative,
Water purified,
Ferrous sulfate,1
Sucrose,
Maltitol,
Citric acid,
Dye,
Flavor,
Potassium sorbate,
Saccharin sodium,
Water purified,
Ferrous sulfate,1
Sucrose,
Maltitol,
Citric acid,
Dye,
Flavor,
Water purified,
Furosemide,1
Methyl paraben,
Propyl paraben,
Sorbitol,
Glycerol,
Propylene glycol,
Dye,
Flavor,
Sodium hydroxide,
Water purified,
Fir needle oil,1
Camphora,
Cremophor RH 40,
Ethanol,
Water purified,
Polysorbate 20,
Menthol,
Alpha-Bisabolol,1
Disodium undecylenamido MEA-sulfosuccinate,
Perfume,
Deionized purified water,
Preservative,
Dye,
Polawax A31,
Propylene glycol,
Ethanol,
Gramicidin,1
Cremophor RH 40,
Ethanol,
Preservative,
Water purified,
Guaifenesin,1
Sucrose,
Glucose,
Sorbitol,
Saccharin sodium,
Sodium benzoate,
Pseudoephedrine hydrochloride,1
Carbinoxamine maleate,1
Chlophedianol hydrochloride,1
Dye,
Dye,
Hydrochloric acid,
Menthol,
Flavor,
Oil orange terpeneless No. 54125,
Ethanol,
HyFlo filter aid,
Water purified,
Haloperidol,1
Lactic acid,
Propyl paraben,
Methyl paraben,
Sodium hydroxide,
Water purified,
Nitrogen,
Lactic acid,
Hyoscine butylbromide,1
Sugar,
Methyl paraben,
Propyl paraben,
Sorbitol,
Saccharin sodium,
Sodium chloride,
Sodium chloride,
Sodium citrate,
Flavor,
Water purified,
Vehicle,
Ibuprofen,1
Ibuprofen,1
Sucrose,
Sodium benzoate,
Saccharin sodium,
Edetate disodium,
Glycerol,
Sorbitol,
Xanthan gum,
Microcrystalline cellulose,
Polysorbate 80,
Citric acid,
Dye,
Flavor,
Water purified,
Propyl paraben,
Methyl paraben,
Sorbitol,
Citric acid,
Iron sulfate,1
Sodium metabisulfite,
Flavor,
Ethanol,
Dye,
Sodium hydroxide,
Water purified,
HyFlo filter aid,
Liquid nitrogen,
Carbon dioxide,
Glycerol,
Methyl paraben,
Propyl paraben,
Sorbitol,
Xanthan gum,
Sucrose,
Saccharin sodium,
Iron polystyrene sulfonate,1
Ascorbic acid,1
Flavor,
Sodium hydroxide,
Dye,
Water purified,
Ibuprofen,1
Cremophor RH 40,
Preservative,
Water purified,
Ibuprofen,1
Sucrose,
Kollidon CL-M,
Kollidon 90F,
Sodium citrate,
Water purified,
Ibuprofen,1
Cremophor RH 40,
Lutrol F 68,
Preservative,
Water purified,
Ibuprofen,1
Domperidone maleate,1
Cellulose,
Glycerol,
Sorbitol,
Kaolin,
Polysorbate 80,
Water purified,
Insulin,1
Brij 98,
Sodium lauryl sulfate,
Ethanol,
"HFA 134a (1,1,1,2-tetrafluoroethane)",
Glucose,
Glycerol,
Calcium iodide,1
Ascorbic acid,
Sucrose,
Saccharin sodium,
Cyclamate sodium,
Flavor,
Ethanol,
Isoproterenol sulfate,1
Dye,
Flavor,
Water purified,
Methyl paraben,
Propyl paraben,
Magnesium aluminium silicate,
Kaolin,1
Pectin,1
Carboxymethylcellulose sodium,
Cyclamate calcium,
Saccharin calcium,
Flavor,
Water purified,
Citric acid,
Aluminium hydroxide,1
Methyl paraben,
Propyl paraben,
Magnesium aluminium silicate,
Kaolin,1
Pectin,1
Carboxymethylcellulose sodium,
Cyclamate calcium,
Saccharin calcium,
Flavor,
Water purified,
Citric acid,
Methyl paraben,
Propyl paraben,
Magnesium aluminium silicate,
Kaolin,1
Pectin,1
Carboxymethylcellulose sodium,
Cyclamate calcium,
Saccharin calcium,
Flavor,
Vehicle,
Ketoprofen,1
Perfume,
Ketotifen hydrogen fumarate,1
Flavor,
Propyl paraben,
Methyl paraben,
Citric acid,
Disodium hydrogen phosphate,
Ethanol,
Sucrose,
Sorbitol,
Water purified,
Loratadine,1
Sucrose,
Sodium benzoate,
Saccharin sodium,
Citric acid,
Glycerol,
Propylene glycol,
Hydrochloric acid,
Flavor,
Water purified,
Magaldrate,1
Kollidon CL-M,
Sorbitol,
Flavor,
Kollidon 90F,
Saccharin sodium,
Water purified,
Magaldrate,1
Kollidon CL-M,
Kollidon 90F,
Flavor,
Saccharin sodium,
Preservative,
Water purified,
Water purified,
Methyl paraben,
Propyl paraben,
Benzoic acid,
Saccharin sodium,
Magaldrate,1
Sorbitol,
Silicon dioxide,
Citric acid,
Dimethyl polysiloxane emulsion,
Flavor,
Glycerol,
Potassium citrate,
Xanthan gum,
Mebendazole,1
Methyl paraben,
Propyl paraben,
Propylene glycol,
Sodium citrate,
Saccharin sodium,
Citric acid,
Microcrystalline cellulose,
Carboxymethylcellulose sodium,
Polysorbate 80,
Flavor,
Water purified,
Mebendazole,1
Lutrol F 127,
Methyl paraben,
Propyl paraben,
Water purified,
Megestrol acetate,1
Glycerol,
Sorbitol,
Polysorbate 80,
Xanthan gum,
Sodium benzoate,
Sodium citrate,
Sucrose,
Flavor,
Water purified,
Vehicle,
Menthol,1
Benzocaine,1
Eucalyptol,
Saccharin sodium,
Ammonium glycyrrhizinate,
Flavor,
Menthol,1
Eucalyptol,
Cremophor RH 40,
Saccharin sodium,
Sodium citrate,
Citric acid,
Lutrol F 127,
Ethanol,
Dye,
Water purified,
Metformin hydrochloride,1
Xylitol,
Potassium bicarbonate,
Potassium sorbate,
Saccharin sodium,
Hydrochloric acid,
Flavor,
Water purified,
Metoclopramide hydrochloride,1
Saccharin sodium,
Sorbic acid,
Sodium disulfite,
Cremophor RH 40,
Sodium citrate,
Citric acid,
Water purified,
Hydroxyethylcellulose,
Methyl paraben,
Propyl paraben,
Sorbic acid,
Citric acid,
Sodium citrate,
Saccharin sodium,
Metoclopramide hydrochloride,1
Ethanol,
Propylene glycol,
Flavor,
Flavor,
Water purified,
Metronidazole,1
Methyl paraben,
Propyl paraben,
Sucrose,
Saccharin sodium,
Sodium phosphate,
Magnesium aluminium silicate,
Microcrystalline cellulose,
Propylene glycol,
Flavor,
Water purified,
Mint oil,1
Menthol,1
Eucalyptol,
Alpha-Bisabolol,1
Thymian oil,
Cremophor RH 40,
Saccharin sodium,
Sodium citrate,
Citric acid,
Sodium fluoride,
Glycerol,
Lutrol F 127,
Salicylic acid,
Benzoic acid,
Sorbitol,
Ethanol,
Dye,
Water purified,
Peppermint oil,1
Cremophor RH 40,
Ethanol,
Water purified,
Monosulfiram,1
Dispersol,
Methylated spirit,
Vitamin A,1
Vitamin D,1
Vitamin E,1
Butylhydroxytoluene,
Cremophor RH 40,
Water purified,
Sucrose,
Methyl paraben,
Citric acid,
Glycerol,
Calcium gluconate,1
Thiamine hydrochloride,1
Riboflavin sodium phosphate,1
Nicotinamide,1
Pyridoxine hydrochloride,1
Ascorbic acid,1
Sorbic acid,
Propylene glycol,
Vitamin A,1
Vitamin D3,1
Vitamin E,1
Cremophor RH 40,
Methyl paraben,
Water purified,
Thiamine hydrochloride,1
Riboflavin sodium phosphate,1
Pyridoxine hydrochloride,1
Nicotinamide,1
Sodium bisulfite,
Propylene glycol,
Hydrochloric acid,
Vitamin A,1
Vitamin D,1
Vitamin E,1
Ascorbic acid,1
Thiamine hydrochloride,1
Pyridoxine hydrochloride,1
Nicotinamide,1
Cyanocobalamine,1
Riboflavin sodium phosphate,1
Poloxyl 20 cetostearyl ether,
Polysorbate 80,
Edetate disodium,
Sodium hydroxide,
Saccharin sodium,
Glycerol,
Sorbitol,
Propylene glycol,
Flavor,
Water purified,
Glycerol,
Nicotinamide,1
Riboflavin sodium phosphate,1
Methyl paraben,
Benzoic acid,
Saccharin sodium,
Thiamine hydrochloride,1
Pyridoxine hydrochloride,1
Ascorbic acid,1
Oil orange terpeneless No. 54125,
Ethanol,
Polysorbate 80,
Polysorbate 80,
Vitamin D,1
Vitamin A,1
Water purified,
Carbon dioxide,
Vitamin A,1
Vitamin D,1
Vitamin E,1
Butylhydroxytoluene,
Cremophor RH 40,
Water purified,
Sucrose,
Methyl paraben,
Citric acid,
Glycerol,
Thiamine hydrochloride,1
Riboflavin sodium phosphate,1
Nicotinamide,1
Pyridoxine hydrochloride,1
Ascorbic acid,1
Sorbic acid,
Propylene glycol,
Vitamin A,1
Vitamin D3,1
Butylhydroxytoluene,
Cremophor RH 40,
Methyl paraben,
Water purified,
Thiamine hydrochloride,1
Riboflavin sodium phosphate,1
Pyridoxine hydrochloride,1
Ascorbic acid,1
Sugar,
Niacin,1
Riboflavin sodium phosphate,1
Methyl paraben,1
Benzoic acid,
Vitamin E,1
Vitamin D,1
Vitamin A,1
Ascorbic acid,1
Thiamine hydrochloride,1
Pyridoxine hydrochloride,1
Fluoride,1
Flavor,
Oil orange terpeneless No. 54125,
Ethanol,
Water purified,
Hydrochloric acid,
Sodium hydroxide,
Carbon dioxide,
Nimesulide,1
Sucrose,
Propylene glycol,
Methyl paraben,
Propyl paraben,
Propyl paraben,
Edetate disodium,
Sodium citrate,
Sorbitol,
Carboxymethylcellulose sodium,
Silicon dioxide,
Citric acid,
Hydroxypropylmethylcellulose,
Simethicone,1
Flavor,
Water purified,
Norephedrine hydrochloride,1
Parabens,
Saccharin sodium,
Kollidon 90F,
Sorbitol,
Water purified,
Norephedrine hydrochloride,1
Parabens,
Saccharin sodium,
Kollidon 90F,
Sorbitol,
Water purified,
Nystatin,1
Sucrose,
Methyl paraben,
Propyl paraben,
Sorbitol,
Microcrystalline cellulose,
Glycerol,
Carboxymethylcellulose sodium,
Polysorbate 80,
Saccharin sodium,
Flavor,
Ethanol,
Sodium hydroxide,
Hydrochloric acid,
Water purified,
Nystatin,1
Kollidon CL-M,
Kollidon 90F,
Sorbitol,
Citric acid,
Water purified,
Ofloxacin,1
Vehicle,
Perfume,
Omeprazole,1
Vehicle,
Sodium metabisulfite,
Edetate disodium,
Saccharin sodium,
Monoammonium glycerhizzinate,
Acesulfame,
Flavor,
Hydroxyethylcellulose,
Sodium benzoate,
Saccharin sodium,
Ammonium chloride,
Citric acid,
Sodium citrate,
Sorbitol,
Glycerol,
Orciprenaline sulfate,1
Clobutinol hydrochloride,1
Ethanol,
Anise oil,
Water purified,
Oxymetazoline hydrochloride,1
Benzalkonium chloride,
Edetate disodium,
Sodium hydroxide,
Sodium phosphate,
Dibasic sodium phosphate,
Water purified,
Vehicle,
Oxymetazoline hydrochloride,1
Tyloxapol,
Dibasic sodium phosphate,
Potassium phosphate,
Benzalkonium chloride,
Chlorhexidine gluconate,1
Edetate disodium,
Pheniramine maleate,1
Sugar,
Methyl paraben,
Propyl paraben,
Citric acid,
Sodium citrate,
Flavor,
Water purified,
Polyethylene glycol 400,
Paracetamol,1
Glycerol,
Sorbitol,
Benzoic acid,
Saccharin sodium,
Phenylpropanolamine,1
Chlorpheniramine maleate,1
Dextromethorphan hydrobromide,1
Carboxymethylcellulose sodium,
Dye,
Ascorbic acid,1
Flavor,
Carbon dioxide,
Water purified,
Phenylpropanolamine,1
Vehicle,
Sodium metabisulfite,
Edetate disodium,
Phenytoin,1
Kollidon CL-M,
Kollidon 90F,
Preservative,
Water purified,
Pipenzolate methyl bromide,1
Phenobarbitone,1
Ethanol,
Propylene glycol,
Saccharin sodium,
Glycerol,
Peppermint oil,
Flavor,
Dye,
Sodium citrate,
Citric acid,
Water purified,
Polidocanol,1
Kollidon VA 64,
Ethocel® 20,
Lutrol E 400,
Ethyl acetate,
Isopropanol,
Polyvinyl pyrrolidone–iodine,1
Glycerol,
Water purified,
Polyvinyl pyrrolidone–iodine,1
Propylene glycol,
Ethanol,
Water purified,
Polyvinyl pyrrolidone–iodine,1
Kollidon VA 64,
Propanol,
Ethanol,
Polyvinyl pyrrolidone–iodine,1
Saccharin sodium,
Menthol,
Anise oil,
Eucalyptol,
Polyethylene glycol 400,
Ethanol,
Water purified,
Polyvinyl pyrrolidone–iodine,1
Saccharin sodium,
Water purified,
Menthol,
Anise oil,
Eucalyptol,
Lutrol E 400,
Ethanol,
Polyvinyl pyrrolidone–iodine,1
Sodium lauryl sulfate,
Lauric diethanolamide,
Water purified,
Polyvinyl pyrrolidone–iodine,1
Texapon® K 12,
Sodium biphosphate,
Sodium citrate,
Sodium hydroxide,
Glycerol,
Water purified,
Polyvinyl pyrrolidone–iodine,1
Hydroxyethylcellulose,
Lutrol F 127,
Sodium hydroxide,
Water purified,
Polyvinyl pyrrolidone–iodine,1
Lutrol F 127,
Lutrol E 400,
Citric acid,
Sodium phosphate,
Polyvinyl pyrrolidone–iodine,1
Citric acid,
Sodium phosphate,
Water purified,
Polyvinyl pyrrolidone–iodine,1
Lutensit® AES,
Monoamide® 150 MAW,
Perfume,
Water purified,
Polyvinyl pyrrolidone–iodine,1
Neutronyx® S 60,
Super Amide® L 9,
Perfume,
Water purified,
Polyvinyl pyrrolidone–iodine,1
Lutrol F 127,
Lutrol E 400,
Citric acid,
Sodium phosphate,
Polyvinyl pyrrolidone–iodine,1
Hydroxyethylcellulose,
Buffer,
Water purified,
Polyvinyl pyrrolidone–iodine,1
Saccharin sodium,
Menthol,
Anise oil,
Eucalyptol,
Polyethylene glycol 400,
Ethanol,
Water purified,
Polyvinyl pyrrolidone–iodine,1
Texapon® K 12,
Cremophor NP 14,
Tartaric acid,
Sulfuric acid,
Ethanol,
Water purified,
Polyvinyl pyrrolidone–iodine,1
Cremophor A 25,
Water purified,
Polyvinyl pyrrolidone–iodine,1
Glycerol,
Water purified,
Polyvinyl pyrrolidone–iodine,1
Propylene glycol,
Ethanol,
Water purified,
Polyvinyl pyrrolidone–iodine,1
Kollidon VA 64,
Propanol,
Ethanol,
Polyvinyl pyrrolidone–iodine,1
Saccharin sodium,
Water purified,
Menthol,
Anise oil,
Eucalyptol,
Lutrol E 400,
Ethanol,
Polyvinyl pyrrolidone–iodine,1
Maize PO4 Aerosol,
Isopropyl myristate,
Dow Corning 344 Fluid,
Pentane,
Propane,
Butane,
Polyvinyl pyrrolidone–iodine,1
Water purified,
Potassium iodide,1
Xylitol,
Propylene glycol,
Menthol,
Peppermint oil,
Polyvinyl pyrrolidone–iodine,1
Neutronyx® S 60,
Super Amide® L 9,
Hydroxyethylcellulose,
Water purified,
Polyvinyl pyrrolidone–iodine,1
Citric acid,
Sodium phosphate,
Water purified,
Polyvinyl pyrrolidone–iodine,1
Lutrol F 127,
Lutrol E 400,
Citric acid,
Sodium phosphate,
Polyvinyl pyrrolidone–iodine,1
Texapon® K 12,
Sodium biphosphate,
Sodium citrate,
Sodium hydroxide,
Glycerol,
Water purified,
Polyvinyl pyrrolidone–iodine,1
Hydroxyethylcellulose,
Lutrol F 127,
Sodium hydroxide,
Water purified,
Polyvinyl pyrrolidone–iodine,1
Sodium lauryl sulfate,
Lauric diethanolamide,
Water purified,
Polyvinyl pyrrolidone–iodine,1
Neutronyx® S 60,
Super Amide® L 9,
Perfume,
Water purified,
Polyvinyl pyrrolidone–iodine,1
Lutensit® AES,
Monoamide® 150 MAW,
Perfume,
Water purified,
Polyvinyl pyrrolidone–iodine,1
Lutrol E 400,
Lutrol F 127,
Citric acid,
Sodium phosphate,
Polyvinyl pyrrolidone–iodine,1
Hydroxyethylcellulose,
Buffer,
Water purified,
Promethazine hydrochloride,1
Sucrose,
Citric acid,
Sodium citrate,
Ascorbic acid,
Sodium metabisulfite,
Sodium sulfite,
Ethanol,
Flavor,
Polysorbate 80,
Dye,
Water purified,
Pluronic L62,
Promethazine hydrochloride,1
Pluronic L62,
Carbopol 974P,
Promethazine hydrochloride,1
Pseudoephedrine hydrochloride,1
Sucrose,
Glycerol,
Sorbitol,
Propylene glycol,
Methyl paraben,
Propyl paraben,
Saccharin sodium,
Dye,
Menthol,
Citric acid,
Sodium citrate,
Water purified,
Sucrose,
Glucose,
Glycerol,
Pseudoephedrine hydrochloride,1
Carbinoxamine maleate,1
Saccharin sodium,
Sodium benzoate,
Flavor,
Dye,
Hydrochloric acid,
HyFlo filter aid,
Water purified,
Sodium hydroxide,
Sucrose,
Glucose,
Glycerol,
Pseudoephedrine hydrochloride,1
Carbinoxamine maleate,1
Saccharin sodium,
Sodium benzoate,
Flavor,
Dye,
Hydrochloric acid,
HyFlo filter aid,
Water purified,
Sodium hydroxide,
Salbutamol,1
Oleic acid,
Trichloromonofluoromethane,
Dichlorodifluoromethane,
Citric acid,
Sodium benzoate,
Sodium citrate,
Saccharin sodium,
Salbutamol,1
Sodium chloride,
Flavor,
Hydroxypropylmethylcellulose,
Water purified,
Salbutamol,1
Sucrose,
Methyl paraben,
Propyl paraben,
Citric acid,
Sodium citrate,
Sorbitol,
Flavor,
Propylene glycol,
Water purified,
Salmeterol,1
Miglyol® 829,
Peppermint oil,
Menthol,
Butane,
Simethicone,1
Polyethylene glycol,
Xanthan gum,
Methylcellulose,
Potassium sorbate,
Methyl paraben,
Propyl paraben,
Saccharin sodium,
Flavor,
Citric acid,
Sodium citrate,
Water purified,
Sodium chloride,1
Benzalkonium chloride,
Water purified,
Sucralfate,1
Methyl paraben,
Propyl paraben,
Sorbitol,
Saccharin sodium,
Hydroxyethylcellulose,
Cellulose,
Sodium phosphate,
Flavor,
Water purified,
Sulfadiazine,1
Trimethoprim,1
Sodium hydroxide,
Kollidon CL-M,
Water purified,
Sulfamethoxazole,1
Trimethoprim,1
Hydrogel 843T,
Tragacanth,
Saccharin sodium,
Anise oil,
Methyl paraben,
Propyl paraben,
Ethanol,
Sorbitol,
Glycerol,
Water purified,
Sulfamethoxazole,1
Trimethoprim,1
Kollidon CL-M,
Sucrose,
Water purified,
Flavor,
Sulfamethoxazole,1
Trimethoprim,1
Sucrose,
Lutrol F 127,
Water purified,
Flavor,
Sulfathiazole,1
Kollidon 25,
Preservative,
Water purified,
Sulfidoxine,1
Lutrol E 400,
Preservative,
Water purified,
Tylose® M 300,
Methyl paraben,
Propyl paraben,
Sugar,
Sodium hydroxide,
Trisodium citrate,
Benzoic acid,
Sorbitol,
Polysorbate 80,
Sulfidoxine,1
Pyrimethamine,1
Flavor,
Water purified,
Terfenadine,1
Sucrose,
Methyl paraben,
Propyl paraben,
Propylene glycol,
Polysorbate 80,
Benzyl alcohol,
Anise oil,
Magnesium aluminium silicate,
Glycerol,
Carboxymethylcellulose sodium,
Citric acid,
Water purified,
Terfenadine,1
Lutrol F 127,
Cremophor RH 40,
Preservative,
Water purified,
Theophylline sodium glycinate,1
Sucrose,
Sodium benzoate,
Saccharin sodium,
Dye,
Flavor,
Water purified,
Timolol maleate,1
Vehicle,
Tolu balsam,1
Magnesium carbonate,
Sucrose,
Water purified,
Methyl paraben,
Propyl paraben,
Glycerol,
Dextromethorphan hydrobromide,1
Ephedrine hydrochloride,1
Ammonium chloride,1
Chlorpheniramine maleate,1
Phenylephrine hydrochloride,1
Glucose,
Flavor,
Ipecac fluid extract,1
Ethanol,
Dye,
Hydrochloric acid,
Tretinoin,1
Cremophor RH 40,
Propylene glycol,
Butylhydroxytoluene,
Alpha-Bisabolol,1
Water purified,
Methyl paraben,
Propyl paraben,
Sorbic acid,
Tretinoin,1
Cremophor RH 40,
Propylene glycol,
Butylhydroxytoluene,
Alpha-Bisabolol,1
Water purified,
Methyl paraben,
Propyl paraben,
Sorbic acid,
Vehicle,
Triclosan monophosphate,1
Menthol,
Saccharin sodium,
Monosodium glycyrhizzinate,
Flavor,
Dye,
Triprolidine hydrochloride,1
Pseudoephedrine hydrochloride,1
Sucrose,
Glycerol,
Sorbitol,
Propylene glycol,
Methyl paraben,
Propyl paraben,
Saccharin sodium,
Dye,
Menthol,
Flavor,
Sodium citrate,
Water purified,
Tulobuterol hydrochloride,1
Water purified,
Glycerol,
Methyl paraben,
Propyl paraben,
Dye,
Flavor,
Sorbitol,
Urea peroxide,1
Sodium citrate,
Polysorbate 20,
Tartaric acid,
Glycerol,
Nitrogen,
Vitamin A,1
Vitamin D,1
Polysorbate 80,
Vitamin E,1
Edetate disodium,
Ascorbic acid,1
Saccharin sodium,
Glycerol,
Sorbitol,
Propylene glycol,
Flavor,
Dye,
Water purified,
Vitamin A,1
Vitamin D3,1
Cremophor,
Butylhydroxytoluene,
Lutrol E 400,
Parabens,
Sorbic acid,
Water purified,
Vitamin A,1
Vitamin D3,1
Butylhydroxytoluene,
Cremophor,
Preservative,
Flavor,
Water purified,
Vitamin A,1
Vitamin D3,1
Cremophor,
Sugar syrup,
Vitamin A,1
Vitamin E,1
Cremophor RH 40,
Preservative,
Water purified,
Vitamin A,1
Vitamin E,1
Cremophor RH 40,
Ethanol,
Water purified,
Vitamin A,1
Vitamin E,1
Cremophor RH 40,
Preservative,
Water purified,
Vitamin A,1
Butylhydroxytoluene,
Cremophor RH 40,
Preservative,
Water purified,
Vitamin A,1
Butylhydroxytoluene,
Cremophor RH 40,
Preservative,
Water purified,
Vitamin A,1
Cremophor RH 40,
Butylhydroxytoluene,
Water purified,
Vitamin A,1
Cremophor RH 40,
Butylhydroxytoluene,
Water purified,
Thiamine hydrochloride,1
Riboflavin sodium phosphate,1
Nicotinamide,1
Dexpanthenol,1
Pyridoxine hydrochloride,1
Sorbic acid,
Edetate disodium,
Flavor,
Sucrose,
Kollidon 25,
Glycerol,
Propylene glycol,
Water purified,
Dexpanthenol,1
Nicotinamide,1
Pyridoxine hydrochloride,1
Riboflavin sodium phosphate,1
Thiamine hydrochloride,1
Sorbitol,
Propylene glycol,
Methyl paraben,
Propyl paraben,
Maltitol,
Edetate disodium,
Citric acid,
Sodium citrate,
Sodium benzoate,
Saccharin sodium,
Glycerol,
Flavor,
Water purified,
Thiamine hydrochloride,1
Riboflavin sodium phosphate,1
Nicotinamide,1
Dexpanthenol,1
Pyridoxine hydrochloride,1
Sorbic acid,
Edetate disodium,
Flavor,
Sucrose,
Kollidon 25,
Glycerol,
Propylene glycol,
Water purified,
Thiamine hydrochloride,1
Riboflavin sodium phosphate,1
Nicotinamide,1
Dexpanthenol,1
Pyridoxine hydrochloride,1
Ascorbic acid,1
Flavor,
Edetate disodium,
Propylene glycol,
Parabens,
Sorbitol,
Sucrose,
Water purified,
Sucrose,
Glycerol,
Citric acid,
Edetate disodium,
Calcium pantothenate,1
Sodium citrate,
Methyl paraben,
Propyl paraben,
Benzoic acid,
Flavor,
Ethanol,
Thiamine hydrochloride,1
Pyridoxine hydrochloride,1
Nicotinamide,1
Riboflavin sodium phosphate,1
Water purified,
Sorbitol,
Propyl paraben,
Methyl paraben,
Nicotinamide,1
Riboflavin sodium phosphate,1
Propylene glycol,
Glycerol,
Iron sulfate,1
Dye,
Pyridoxine hydrochloride,1
Saccharin sodium,
Cyclamate sodium,
Ascorbic acid,1
Sodium bicarbonate,
Thiamine hydrochloride,1
Dexpanthenol,1
Cyanocobalamine,1
Flavor,
Water purified,
HyFlo filter aid,
Hydrochloric acid,
Sodium hydroxide,
Thiamine hydrochloride,1
Riboflavin sodium phosphate,1
Nicotinamide,1
Dexpanthenol,1
Pyridoxine hydrochloride,1
Ascorbic acid,1
Flavor,
Edetate disodium,
Propyl gallate,
Sorbic acid,
Kollidon 25,
Sorbitol,
Glycerol,
Propylene glycol,
Water purified,
Sugar syrup,
Sucrose,
Methyl paraben,
Propyl paraben,
Edetate disodium,
Ascorbic acid,1
Sodium hydroxide,
Nicotinamide,1
Riboflavin sodium phosphate,1
Thiamine hydrochloride,1
Pyridoxine hydrochloride,1
Monosodium glutamate,
Cyanocobalamine,1
Propylene glycol,
Vitamin A,1
Cholecalciferol,1
Polysorbate 80,
Polyoxyl 20 cetostearyl ether,
Flavor,
Water purified,
Glycerol,
Nicotinamide,1
Riboflavin sodium phosphate,1
Methyl paraben,
Benzoic acid,
Saccharin sodium,
Calcium chloride,
Ferrous gluconate,1
Thiamine hydrochloride,1
Pyridoxine hydrochloride,1
Ascorbic acid,1
Oil orange terpeneless No. 54125,
Ethanol,
Polysorbate 80,
Butylated hydroxyanisole,
Viosterol in corn oil,1
Vitamin A,1
Flavor,
Water purified,
Vitamin A,1
Vitamin D,1
Polysorbate 80,
Flavor,
Vitamin E,1
Edetate disodium,
Ascorbic acid,1
Saccharin sodium,
Thiamine hydrochloride,1
Nicotinamide,1
Pyridoxine hydrochloride,1
Riboflavin sodium phosphate,1
Glycerol,
Water purified,
Sorbitol,
Water purified,
Methyl paraben,
Propyl paraben,
Nicotinamide,1
Riboflavin sodium phosphate,1
Iron sulfate,1
Saccharin sodium,
Pyridoxine hydrochloride,1
Ascorbic acid,1
Dye,
Thiamine hydrochloride,1
Dexpanthenol,1
Cyanocobalamine,1
Flavor,
Propylene glycol,
Hydrochloric acid,
HyFlo filter aid,
Carbon dioxide,
Ascorbic acid,1
Propylene glycol,
Vitamin E,1
Benzocaine,1
Lutrol F 127,
Cremophor RH 40,
Sorbic acid,
Water purified,
Vitamin E,1
Cremophor RH 40,
Preservative,
Water purified,
Vitamin E,1
Cremophor RH 40,
Preservative,
Water purified,
Vitamin E,1
Soybean oil,
Gelatin,
Vitamin E,1
Cremophor RH 40,
Water purified,
Ethanol,
Xylometazoline hydrochloride ,1
Edetate disodium,
Sodium chloride,
Benzalkonium chloride,
Sodium phosphate,
Water purified,
Water purified,
Hydroxymethylcellulose,
TEA-lauryl sulfate,
Polyethylene glycol 20 lanolin alcohol ether,
Glycol stearate,
Cocamide MEA,
Zinc pyrithione,1
Preservative,
